Organism,Antibiotic,Antibiotic (name),Breakpoint confidence,Country,N,% censored,MIC50,MIC90,GeoMean,P25,P75,IQR_log2,Skewness,Kurtosis,Modal_MIC,PctR
Streptococcus pneumoniae,PEN,Penicillin,high,Argentina,95,67.37,0.06,1.0,0.1268,0.06,0.25,2.059,1.554,1.176,0.06,32.63
Streptococcus pneumoniae,PEN,Penicillin,high,Cambodia,48,29.17,0.25,2.0,0.3275,0.06,1.0,4.059,0.238,-1.437,0.06,70.83
Streptococcus pneumoniae,PEN,Penicillin,high,Chile,73,35.62,0.12,4.0,0.2445,0.06,1.0,4.059,0.713,-0.925,0.06,64.38
Streptococcus pneumoniae,PEN,Penicillin,high,Kenya,44,20.45,0.5,2.0,0.5117,0.25,1.0,2.0,-0.378,-0.8,0.5,79.55
Streptococcus pneumoniae,PEN,Penicillin,high,Kuwait,82,40.24,0.25,2.0,0.3008,0.06,2.0,5.059,0.312,-1.492,0.06,60.98
Streptococcus pneumoniae,PEN,Penicillin,high,Lebanon,21,57.14,0.06,0.5,0.1139,0.06,0.25,2.059,0.746,-1.072,0.06,42.86
Streptococcus pneumoniae,PEN,Penicillin,high,Morocco,19,89.47,0.06,2.0,0.09,0.06,0.06,0.0,2.616,4.935,0.06,10.53
Streptococcus pneumoniae,PEN,Penicillin,high,Pakistan,94,23.4,0.25,0.5,0.196,0.12,0.25,1.059,0.064,-0.274,0.25,76.6
Streptococcus pneumoniae,PEN,Penicillin,high,Philippines,17,94.12,0.06,0.06,0.0625,0.06,0.06,0.0,3.75,12.062,0.06,5.88
Streptococcus pneumoniae,PEN,Penicillin,high,Saudi Arabia,36,50.0,0.12,4.0,0.2595,0.06,1.0,4.059,0.443,-1.335,0.06,52.78
Streptococcus pneumoniae,PEN,Penicillin,high,Singapore,34,35.29,0.25,4.0,0.4092,0.06,2.0,5.059,0.121,-1.623,0.06,70.59
Streptococcus pneumoniae,PEN,Penicillin,high,Tunisia,79,13.92,1.0,2.0,0.7826,0.25,2.0,3.0,-0.936,-0.584,2.0,86.08
Streptococcus pneumoniae,PEN,Penicillin,high,Turkey,179,25.14,0.5,4.0,0.4715,0.06,2.0,5.059,-0.345,-1.389,2.0,72.07
Streptococcus pneumoniae,PEN,Penicillin,high,Ukraine,78,73.08,0.06,2.0,0.1126,0.06,0.12,1.0,1.788,1.58,0.06,26.92
Streptococcus pneumoniae,PEN,Penicillin,high,Vietnam,161,1.24,2.0,4.0,1.7466,2.0,4.0,1.0,-1.57,3.049,2.0,98.76
Streptococcus pneumoniae,AMX,Amoxicillin,moderate,Argentina,95,43.16,0.03,2.0,0.0602,0.015,0.12,3.0,1.519,1.128,0.015,7.37
Streptococcus pneumoniae,AMX,Amoxicillin,moderate,Cambodia,48,20.83,0.5,4.0,0.2719,0.03,2.0,6.059,-0.143,-1.262,0.015,10.42
Streptococcus pneumoniae,AMX,Amoxicillin,moderate,Chile,73,26.03,0.12,8.0,0.1686,0.015,1.0,6.059,0.531,-0.88,0.015,15.07
Streptococcus pneumoniae,AMX,Amoxicillin,moderate,Kenya,44,4.55,0.5,2.0,0.3592,0.06,2.0,5.059,-0.126,-1.14,1.0,9.09
Streptococcus pneumoniae,AMX,Amoxicillin,moderate,Kuwait,82,19.51,0.25,4.0,0.2702,0.03,2.0,6.059,-0.034,-1.301,0.015,13.41
Streptococcus pneumoniae,AMX,Amoxicillin,moderate,Lebanon,21,9.52,0.03,0.5,0.0874,0.03,0.5,4.059,0.491,-1.449,0.03,0.0
Streptococcus pneumoniae,AMX,Amoxicillin,moderate,Morocco,19,57.89,0.015,2.0,0.0362,0.015,0.03,1.0,2.287,3.924,0.015,5.26
Streptococcus pneumoniae,AMX,Amoxicillin,moderate,Pakistan,94,9.57,0.25,0.25,0.1484,0.12,0.25,1.059,-0.65,0.501,0.25,1.06
Streptococcus pneumoniae,AMX,Amoxicillin,moderate,Philippines,17,52.94,0.015,0.03,0.0235,0.015,0.03,1.0,2.348,5.766,0.015,0.0
Streptococcus pneumoniae,AMX,Amoxicillin,moderate,Saudi Arabia,36,27.78,0.12,4.0,0.1598,0.015,1.25,6.381,0.442,-1.158,0.015,11.11
Streptococcus pneumoniae,AMX,Amoxicillin,moderate,Singapore,34,20.59,0.25,8.0,0.3481,0.03,2.0,6.059,-0.013,-1.439,0.015,23.53
Streptococcus pneumoniae,AMX,Amoxicillin,moderate,Tunisia,79,13.92,2.0,8.0,0.9404,0.25,4.0,4.0,-1.079,-0.223,2.0,30.38
Streptococcus pneumoniae,AMX,Amoxicillin,moderate,Turkey,179,9.5,1.0,8.0,0.4372,0.06,2.0,5.059,-0.235,-1.368,2.0,21.23
Streptococcus pneumoniae,AMX,Amoxicillin,moderate,Ukraine,78,30.77,0.03,2.0,0.0563,0.015,0.12,3.0,1.322,0.316,0.03,0.0
Streptococcus pneumoniae,AMX,Amoxicillin,moderate,Vietnam,161,0.0,2.0,8.0,2.2619,2.0,8.0,2.0,-0.955,1.147,2.0,39.75
Streptococcus pneumoniae,AMC,Amoxicillin/Clavulanic acid,high,Argentina,95,46.32,0.03,2.0,0.058,0.015,0.12,3.0,1.552,1.231,0.015,7.37
Streptococcus pneumoniae,AMC,Amoxicillin/Clavulanic acid,high,Cambodia,48,20.83,0.25,4.0,0.2567,0.03,1.0,5.059,-0.093,-1.212,0.015,10.42
Streptococcus pneumoniae,AMC,Amoxicillin/Clavulanic acid,high,Chile,73,21.92,0.12,8.0,0.1718,0.03,1.0,5.059,0.58,-0.804,0.015,15.07
Streptococcus pneumoniae,AMC,Amoxicillin/Clavulanic acid,high,Kenya,44,4.55,0.5,2.0,0.3268,0.06,1.0,4.059,-0.084,-0.944,1.0,9.09
Streptococcus pneumoniae,AMC,Amoxicillin/Clavulanic acid,high,Kuwait,82,21.95,0.25,4.0,0.2587,0.03,2.0,6.059,-0.015,-1.299,0.015,12.2
Streptococcus pneumoniae,AMC,Amoxicillin/Clavulanic acid,high,Lebanon,21,9.52,0.03,0.5,0.0874,0.03,0.5,4.059,0.491,-1.449,0.03,0.0
Streptococcus pneumoniae,AMC,Amoxicillin/Clavulanic acid,high,Morocco,19,68.42,0.015,2.0,0.0336,0.015,0.03,1.0,2.317,3.98,0.015,5.26
Streptococcus pneumoniae,AMC,Amoxicillin/Clavulanic acid,high,Pakistan,94,11.7,0.25,0.25,0.144,0.12,0.25,1.059,-0.754,0.313,0.25,1.06
Streptococcus pneumoniae,AMC,Amoxicillin/Clavulanic acid,high,Philippines,17,70.59,0.015,0.03,0.0208,0.015,0.03,1.0,2.753,7.178,0.015,0.0
Streptococcus pneumoniae,AMC,Amoxicillin/Clavulanic acid,high,Saudi Arabia,36,30.56,0.12,4.0,0.1568,0.015,1.25,6.381,0.435,-1.174,0.015,11.11
Streptococcus pneumoniae,AMC,Amoxicillin/Clavulanic acid,high,Singapore,34,17.65,0.25,8.0,0.363,0.0375,2.0,5.737,-0.013,-1.312,0.015,23.53
Streptococcus pneumoniae,AMC,Amoxicillin/Clavulanic acid,high,Tunisia,79,8.86,2.0,8.0,1.001,0.625,4.0,2.678,-1.105,0.06,2.0,27.85
Streptococcus pneumoniae,AMC,Amoxicillin/Clavulanic acid,high,Turkey,179,10.06,1.0,8.0,0.4305,0.045,2.0,5.474,-0.232,-1.364,2.0,21.23
Streptococcus pneumoniae,AMC,Amoxicillin/Clavulanic acid,high,Ukraine,78,33.33,0.03,2.0,0.0548,0.015,0.12,3.0,1.35,0.404,0.03,0.0
Streptococcus pneumoniae,AMC,Amoxicillin/Clavulanic acid,high,Vietnam,161,0.62,2.0,8.0,2.1942,1.0,8.0,3.0,-1.226,2.17,2.0,40.37
Streptococcus pneumoniae,AXO,Ceftriaxone,high,Argentina,95,42.11,0.03,0.5,0.0471,0.015,0.12,3.0,1.109,0.244,0.015,1.05
Streptococcus pneumoniae,AXO,Ceftriaxone,high,Cambodia,48,22.92,0.12,1.0,0.1478,0.03,0.5,4.059,-0.159,-1.389,0.015,4.17
Streptococcus pneumoniae,AXO,Ceftriaxone,high,Chile,73,21.92,0.12,1.0,0.1109,0.03,0.25,3.059,0.135,-1.172,0.015,1.37
Streptococcus pneumoniae,AXO,Ceftriaxone,high,Kenya,44,9.09,0.25,1.0,0.2495,0.12,1.0,3.059,-0.514,-0.656,1.0,4.55
Streptococcus pneumoniae,AXO,Ceftriaxone,high,Kuwait,82,24.39,0.12,1.0,0.1526,0.03,0.5,4.059,-0.208,-1.285,0.015,4.88
Streptococcus pneumoniae,AXO,Ceftriaxone,high,Lebanon,21,57.14,0.015,0.25,0.0409,0.015,0.25,4.059,0.642,-1.522,0.015,0.0
Streptococcus pneumoniae,AXO,Ceftriaxone,high,Morocco,19,73.68,0.015,1.0,0.0291,0.015,0.0225,0.585,1.92,1.996,0.015,0.0
Streptococcus pneumoniae,AXO,Ceftriaxone,high,Pakistan,94,14.89,0.12,0.25,0.1135,0.06,0.25,2.059,-0.704,-0.413,0.25,0.0
Streptococcus pneumoniae,AXO,Ceftriaxone,high,Philippines,17,70.59,0.015,0.03,0.0192,0.015,0.03,1.0,1.452,1.052,0.015,0.0
Streptococcus pneumoniae,AXO,Ceftriaxone,high,Saudi Arabia,36,33.33,0.12,1.0,0.1086,0.015,0.5,5.059,0.256,-1.4,0.015,5.56
Streptococcus pneumoniae,AXO,Ceftriaxone,high,Singapore,34,23.53,0.25,4.0,0.2266,0.0375,1.0,4.737,-0.141,-1.293,0.015,17.65
Streptococcus pneumoniae,AXO,Ceftriaxone,high,Tunisia,79,10.13,1.0,1.0,0.4116,0.185,1.0,2.434,-1.229,0.315,1.0,8.86
Streptococcus pneumoniae,AXO,Ceftriaxone,high,Turkey,179,11.17,0.5,2.0,0.2553,0.06,1.0,4.059,-0.289,-1.323,1.0,16.76
Streptococcus pneumoniae,AXO,Ceftriaxone,high,Ukraine,78,26.92,0.03,0.5,0.0544,0.015,0.12,3.0,1.099,-0.01,0.03,1.28
Streptococcus pneumoniae,AXO,Ceftriaxone,high,Vietnam,161,0.0,1.0,4.0,1.0194,0.5,2.0,2.0,-0.681,1.459,1.0,37.89
Streptococcus pneumoniae,POD,Cefpodoxime,high,Argentina,95,17.89,0.03,1.0,0.0711,0.03,0.12,2.0,1.305,0.845,0.03,11.58
Streptococcus pneumoniae,POD,Cefpodoxime,high,Cambodia,48,8.33,0.25,4.0,0.296,0.06,2.0,5.059,0.094,-1.378,0.06,37.5
Streptococcus pneumoniae,POD,Cefpodoxime,high,Chile,73,9.59,0.25,4.0,0.2125,0.06,2.0,5.059,0.293,-1.174,0.25,27.4
Streptococcus pneumoniae,POD,Cefpodoxime,high,Kenya,44,0.0,0.5,4.0,0.5714,0.25,2.0,3.0,-0.377,-0.936,2.0,47.73
Streptococcus pneumoniae,POD,Cefpodoxime,high,Kuwait,82,6.1,0.25,4.0,0.3171,0.0375,2.0,5.737,0.022,-1.328,0.03,36.59
Streptococcus pneumoniae,POD,Cefpodoxime,high,Lebanon,21,9.52,0.03,0.5,0.0741,0.03,0.25,3.059,0.549,-1.347,0.03,0.0
Streptococcus pneumoniae,POD,Cefpodoxime,high,Morocco,19,15.79,0.03,2.0,0.045,0.03,0.03,0.0,2.381,4.196,0.03,10.53
Streptococcus pneumoniae,POD,Cefpodoxime,high,Pakistan,94,2.13,0.25,0.5,0.212,0.25,0.5,1.0,-0.438,0.662,0.25,3.19
Streptococcus pneumoniae,POD,Cefpodoxime,high,Philippines,17,17.65,0.03,0.03,0.0277,0.03,0.03,0.0,-0.363,1.056,0.03,0.0
Streptococcus pneumoniae,POD,Cefpodoxime,high,Saudi Arabia,36,11.11,0.25,4.0,0.236,0.03,2.0,6.059,0.284,-1.245,0.03,33.33
Streptococcus pneumoniae,POD,Cefpodoxime,high,Singapore,34,17.65,0.5,16.0,0.4732,0.06,4.0,6.059,-0.085,-1.243,4.0,44.12
Streptococcus pneumoniae,POD,Cefpodoxime,high,Tunisia,79,3.8,2.0,4.0,1.0557,0.375,4.0,3.415,-1.177,0.228,2.0,73.42
Streptococcus pneumoniae,POD,Cefpodoxime,high,Turkey,179,2.79,2.0,16.0,0.9662,0.12,4.0,5.059,-0.221,-1.326,4.0,55.87
Streptococcus pneumoniae,POD,Cefpodoxime,high,Ukraine,78,6.41,0.03,2.0,0.0811,0.03,0.12,2.0,1.289,0.275,0.03,16.67
Streptococcus pneumoniae,POD,Cefpodoxime,high,Vietnam,161,16.77,8.0,16.0,6.9054,4.0,16.0,2.0,-2.239,6.99,16.0,94.41
Streptococcus pneumoniae,CXM,Cefuroxime,moderate,Argentina,95,12.63,0.25,4.0,0.2336,0.03,0.5,4.059,0.52,-0.396,0.25,23.16
Streptococcus pneumoniae,CXM,Cefuroxime,moderate,Cambodia,48,8.33,0.5,16.0,0.856,0.12,5.0,5.381,-0.071,-1.247,0.12,45.83
Streptococcus pneumoniae,CXM,Cefuroxime,moderate,Chile,73,5.48,0.25,8.0,0.346,0.06,2.0,5.059,0.341,-0.977,0.03,28.77
Streptococcus pneumoniae,CXM,Cefuroxime,moderate,Kenya,44,4.55,1.0,8.0,0.8347,0.25,4.0,4.0,-0.493,-0.646,4.0,54.55
Streptococcus pneumoniae,CXM,Cefuroxime,moderate,Kuwait,82,13.41,0.5,8.0,0.5326,0.075,4.0,5.737,-0.111,-1.336,4.0,43.9
Streptococcus pneumoniae,CXM,Cefuroxime,moderate,Lebanon,21,4.76,0.25,2.0,0.2728,0.12,2.0,4.059,0.024,-0.986,0.25,28.57
Streptococcus pneumoniae,CXM,Cefuroxime,moderate,Morocco,19,21.05,0.03,8.0,0.065,0.03,0.09,1.585,1.968,2.739,0.03,10.53
Streptococcus pneumoniae,CXM,Cefuroxime,moderate,Pakistan,94,6.38,0.25,0.5,0.2067,0.12,0.5,2.059,-0.681,0.556,0.5,2.13
Streptococcus pneumoniae,CXM,Cefuroxime,moderate,Philippines,17,5.88,0.03,0.25,0.037,0.03,0.03,0.0,2.095,3.109,0.03,0.0
Streptococcus pneumoniae,CXM,Cefuroxime,moderate,Saudi Arabia,36,13.89,0.5,16.0,0.648,0.2175,4.0,4.201,-0.159,-0.988,0.25,47.22
Streptococcus pneumoniae,CXM,Cefuroxime,moderate,Singapore,34,26.47,0.5,16.0,0.6716,0.08499999999999999,8.0,6.556,-0.243,-1.379,8.0,47.06
Streptococcus pneumoniae,CXM,Cefuroxime,moderate,Tunisia,79,12.66,8.0,16.0,2.8526,2.0,8.0,2.0,-1.433,0.994,8.0,79.75
Streptococcus pneumoniae,CXM,Cefuroxime,moderate,Turkey,179,5.03,2.0,16.0,0.9127,0.25,8.0,5.0,-0.403,-1.314,8.0,53.07
Streptococcus pneumoniae,CXM,Cefuroxime,moderate,Ukraine,78,7.69,0.06,4.0,0.1194,0.03,0.25,3.059,1.012,-0.26,0.03,17.95
Streptococcus pneumoniae,CXM,Cefuroxime,moderate,Vietnam,161,8.7,4.0,16.0,4.0469,2.0,8.0,2.0,-1.511,3.151,4.0,91.3
Streptococcus pneumoniae,ERY,Erythromycin,high,Argentina,95,25.26,0.03,16.0,0.093,0.03,0.06,1.0,1.497,0.542,0.03,20.0
Streptococcus pneumoniae,ERY,Erythromycin,high,Cambodia,48,54.17,0.06,16.0,0.5342,0.03,16.0,9.059,0.071,-1.85,16.0,50.0
Streptococcus pneumoniae,ERY,Erythromycin,high,Chile,73,57.53,8.0,16.0,1.4012,0.03,16.0,9.059,-0.598,-1.534,16.0,65.75
Streptococcus pneumoniae,ERY,Erythromycin,high,Kenya,44,45.45,0.06,16.0,0.2763,0.03,16.0,9.059,0.563,-1.541,0.03,36.36
Streptococcus pneumoniae,ERY,Erythromycin,high,Kuwait,82,45.12,2.0,16.0,0.9272,0.03,16.0,9.059,-0.267,-1.728,16.0,59.76
Streptococcus pneumoniae,ERY,Erythromycin,high,Lebanon,21,0.0,0.03,0.06,0.0366,0.03,0.06,1.0,0.949,-1.1,0.03,0.0
Streptococcus pneumoniae,ERY,Erythromycin,high,Morocco,19,31.58,0.03,16.0,0.084,0.03,0.06,1.0,1.475,0.576,0.03,21.05
Streptococcus pneumoniae,ERY,Erythromycin,high,Pakistan,94,28.72,4.0,16.0,1.1864,0.06,8.0,7.059,-0.613,-1.393,8.0,67.02
Streptococcus pneumoniae,ERY,Erythromycin,high,Philippines,17,35.29,0.03,0.03,0.0245,0.015,0.03,1.0,0.099,-0.571,0.03,0.0
Streptococcus pneumoniae,ERY,Erythromycin,high,Saudi Arabia,36,36.11,0.06,16.0,0.519,0.03,16.0,9.059,0.131,-1.806,16.0,47.22
Streptococcus pneumoniae,ERY,Erythromycin,high,Singapore,34,52.94,4.0,16.0,1.4855,0.06,16.0,8.059,-0.712,-1.204,16.0,70.59
Streptococcus pneumoniae,ERY,Erythromycin,high,Tunisia,79,70.89,16.0,16.0,4.1088,12.0,16.0,0.415,-1.463,0.194,16.0,79.75
Streptococcus pneumoniae,ERY,Erythromycin,high,Turkey,179,46.93,0.06,16.0,0.5804,0.03,16.0,9.059,0.104,-1.918,16.0,48.04
Streptococcus pneumoniae,ERY,Erythromycin,high,Ukraine,78,24.36,0.03,16.0,0.1169,0.03,0.06,1.0,1.294,-0.092,0.03,23.08
Streptococcus pneumoniae,ERY,Erythromycin,high,Vietnam,161,82.61,16.0,16.0,10.759,16.0,16.0,0.0,-3.579,14.0,16.0,98.14
Streptococcus pneumoniae,CLA,Clarithromycin,high,Argentina,95,44.21,0.03,16.0,0.0705,0.015,0.045,1.585,1.593,0.934,0.03,20.0
Streptococcus pneumoniae,CLA,Clarithromycin,high,Cambodia,48,54.17,0.06,16.0,0.4364,0.03,16.0,9.059,0.155,-1.822,16.0,50.0
Streptococcus pneumoniae,CLA,Clarithromycin,high,Chile,73,67.12,4.0,16.0,1.1263,0.03,16.0,9.059,-0.51,-1.576,16.0,65.75
Streptococcus pneumoniae,CLA,Clarithromycin,high,Kenya,44,54.55,0.03,16.0,0.2182,0.02625,16.0,9.252,0.631,-1.5,0.03,36.36
Streptococcus pneumoniae,CLA,Clarithromycin,high,Kuwait,82,48.78,1.0,16.0,0.6782,0.03,16.0,9.059,-0.139,-1.747,16.0,58.54
Streptococcus pneumoniae,CLA,Clarithromycin,high,Lebanon,21,23.81,0.03,0.03,0.0254,0.03,0.03,0.0,-1.23,-0.487,0.03,0.0
Streptococcus pneumoniae,CLA,Clarithromycin,high,Morocco,19,57.89,0.03,16.0,0.0522,0.015,0.03,1.0,1.908,1.945,0.015,15.79
Streptococcus pneumoniae,CLA,Clarithromycin,high,Pakistan,94,36.17,2.0,16.0,0.7967,0.03,4.0,7.059,-0.459,-1.436,4.0,67.02
Streptococcus pneumoniae,CLA,Clarithromycin,high,Philippines,17,58.82,0.015,0.03,0.02,0.015,0.03,1.0,0.359,-1.871,0.015,0.0
Streptococcus pneumoniae,CLA,Clarithromycin,high,Saudi Arabia,36,33.33,0.03,16.0,0.3666,0.03,16.0,9.059,0.259,-1.747,0.03,47.22
Streptococcus pneumoniae,CLA,Clarithromycin,high,Singapore,34,61.76,2.0,16.0,1.0941,0.03,16.0,9.059,-0.533,-1.372,16.0,70.59
Streptococcus pneumoniae,CLA,Clarithromycin,high,Tunisia,79,78.48,16.0,16.0,3.5394,8.0,16.0,1.0,-1.398,0.07,16.0,79.75
Streptococcus pneumoniae,CLA,Clarithromycin,high,Turkey,179,57.54,0.03,16.0,0.4971,0.03,16.0,9.059,0.11,-1.92,16.0,48.04
Streptococcus pneumoniae,CLA,Clarithromycin,high,Ukraine,78,29.49,0.03,16.0,0.0936,0.03,0.03,0.0,1.429,0.295,0.03,23.08
Streptococcus pneumoniae,CLA,Clarithromycin,high,Vietnam,161,79.5,16.0,16.0,9.8265,16.0,16.0,0.0,-3.383,12.839,16.0,97.52
Streptococcus pneumoniae,AZM,Azithromycin,high,Argentina,95,27.37,0.06,32.0,0.1834,0.06,0.12,1.0,1.533,0.667,0.06,20.0
Streptococcus pneumoniae,AZM,Azithromycin,high,Cambodia,48,56.25,0.12,32.0,0.9798,0.06,32.0,9.059,0.149,-1.804,32.0,50.0
Streptococcus pneumoniae,AZM,Azithromycin,high,Chile,73,61.64,8.0,32.0,2.3398,0.06,32.0,9.059,-0.492,-1.581,32.0,65.75
Streptococcus pneumoniae,AZM,Azithromycin,high,Kenya,44,54.55,0.06,32.0,0.5112,0.0525,32.0,9.252,0.53,-1.57,32.0,38.64
Streptococcus pneumoniae,AZM,Azithromycin,high,Kuwait,82,43.9,4.0,32.0,1.5267,0.06,32.0,9.059,-0.166,-1.747,32.0,57.32
Streptococcus pneumoniae,AZM,Azithromycin,high,Lebanon,21,23.81,0.06,0.12,0.0581,0.06,0.06,0.0,0.048,-0.66,0.06,0.0
Streptococcus pneumoniae,AZM,Azithromycin,high,Morocco,19,31.58,0.06,32.0,0.1401,0.06,0.09,0.585,1.802,1.857,0.06,15.79
Streptococcus pneumoniae,AZM,Azithromycin,high,Pakistan,94,30.85,8.0,32.0,1.8466,0.075,8.0,6.737,-0.508,-1.384,8.0,67.02
Streptococcus pneumoniae,AZM,Azithromycin,high,Philippines,17,47.06,0.06,0.06,0.0471,0.03,0.06,1.0,1.541,2.793,0.03,0.0
Streptococcus pneumoniae,AZM,Azithromycin,high,Saudi Arabia,36,38.89,0.12,32.0,0.9072,0.06,32.0,9.059,0.17,-1.765,32.0,47.22
Streptococcus pneumoniae,AZM,Azithromycin,high,Singapore,34,58.82,8.0,32.0,2.5758,0.075,32.0,8.737,-0.592,-1.331,32.0,70.59
Streptococcus pneumoniae,AZM,Azithromycin,high,Tunisia,79,77.22,32.0,32.0,7.5272,16.0,32.0,1.0,-1.426,0.131,32.0,79.75
Streptococcus pneumoniae,AZM,Azithromycin,high,Turkey,179,55.31,0.12,32.0,1.0869,0.06,32.0,9.059,0.107,-1.903,32.0,48.04
Streptococcus pneumoniae,AZM,Azithromycin,high,Ukraine,78,20.51,0.06,32.0,0.2216,0.06,0.12,1.0,1.427,0.323,0.06,21.79
Streptococcus pneumoniae,AZM,Azithromycin,high,Vietnam,161,86.34,32.0,32.0,20.3416,32.0,32.0,0.0,-3.323,10.871,32.0,95.65
Streptococcus pneumoniae,SXT,Trimethoprim/Sulfamethoxazole,moderate,Argentina,95,1.05,0.25,4.0,0.4909,0.25,1.0,2.0,0.817,-0.09,0.25,34.74
Streptococcus pneumoniae,SXT,Trimethoprim/Sulfamethoxazole,moderate,Cambodia,48,0.0,2.0,8.0,1.4094,0.4375,4.0,3.193,-0.444,-0.873,4.0,70.83
Streptococcus pneumoniae,SXT,Trimethoprim/Sulfamethoxazole,moderate,Chile,73,0.0,1.0,8.0,1.0651,0.25,4.0,4.0,0.344,-1.174,0.25,56.16
Streptococcus pneumoniae,SXT,Trimethoprim/Sulfamethoxazole,moderate,Kenya,44,2.27,8.0,16.0,6.3163,4.0,16.0,2.0,-1.673,3.099,4.0,93.18
Streptococcus pneumoniae,SXT,Trimethoprim/Sulfamethoxazole,moderate,Kuwait,82,0.0,0.5,8.0,0.8986,0.25,4.0,4.0,0.269,-1.225,0.25,50.0
Streptococcus pneumoniae,SXT,Trimethoprim/Sulfamethoxazole,moderate,Lebanon,21,0.0,0.25,0.25,0.189,0.12,0.25,1.059,-0.49,-1.76,0.25,0.0
Streptococcus pneumoniae,SXT,Trimethoprim/Sulfamethoxazole,moderate,Morocco,19,0.0,0.25,8.0,0.5748,0.25,1.0,2.0,1.059,-0.027,0.25,31.58
Streptococcus pneumoniae,SXT,Trimethoprim/Sulfamethoxazole,moderate,Pakistan,94,2.13,4.0,8.0,2.8211,2.0,7.0,1.807,-2.095,3.978,4.0,89.36
Streptococcus pneumoniae,SXT,Trimethoprim/Sulfamethoxazole,moderate,Philippines,17,0.0,0.25,1.0,0.2693,0.25,0.25,0.0,0.103,0.375,0.25,11.76
Streptococcus pneumoniae,SXT,Trimethoprim/Sulfamethoxazole,moderate,Saudi Arabia,36,2.78,0.25,4.0,0.5773,0.2175,4.0,4.201,0.306,-1.074,0.25,44.44
Streptococcus pneumoniae,SXT,Trimethoprim/Sulfamethoxazole,moderate,Singapore,34,2.94,2.0,16.0,1.4295,0.25,8.0,5.0,-0.205,-1.481,8.0,61.76
Streptococcus pneumoniae,SXT,Trimethoprim/Sulfamethoxazole,moderate,Tunisia,79,0.0,0.25,8.0,0.6226,0.25,3.0,3.585,0.557,-1.1,0.25,39.24
Streptococcus pneumoniae,SXT,Trimethoprim/Sulfamethoxazole,moderate,Turkey,179,0.56,2.0,16.0,1.7283,0.25,8.0,5.0,-0.151,-1.367,0.25,68.72
Streptococcus pneumoniae,SXT,Trimethoprim/Sulfamethoxazole,moderate,Ukraine,78,0.0,1.0,8.0,1.1735,0.25,4.0,4.0,0.363,-1.197,0.25,58.97
Streptococcus pneumoniae,SXT,Trimethoprim/Sulfamethoxazole,moderate,Vietnam,161,5.59,4.0,16.0,4.0829,4.0,8.0,1.0,-1.158,0.659,8.0,86.96
Streptococcus pneumoniae,LEV,Levofloxacin,high,Argentina,95,2.11,1.0,1.0,0.8568,1.0,1.0,0.0,-2.657,13.324,1.0,2.11
Streptococcus pneumoniae,LEV,Levofloxacin,high,Cambodia,48,0.0,1.0,1.0,0.817,0.5,1.0,1.0,-0.401,-0.704,1.0,0.0
Streptococcus pneumoniae,LEV,Levofloxacin,high,Chile,73,0.0,1.0,2.0,1.0687,1.0,1.0,0.0,0.834,2.876,1.0,1.37
Streptococcus pneumoniae,LEV,Levofloxacin,high,Kenya,44,0.0,1.0,1.0,0.9389,1.0,1.0,0.0,-2.846,6.1,1.0,0.0
Streptococcus pneumoniae,LEV,Levofloxacin,high,Kuwait,82,0.0,1.0,2.0,1.0974,1.0,1.0,0.0,0.459,1.117,1.0,1.22
Streptococcus pneumoniae,LEV,Levofloxacin,high,Lebanon,21,0.0,1.0,1.0,0.8763,1.0,1.0,0.0,-1.576,0.485,1.0,0.0
Streptococcus pneumoniae,LEV,Levofloxacin,high,Morocco,19,0.0,1.0,4.0,1.2909,1.0,1.0,0.0,2.337,5.434,1.0,10.53
Streptococcus pneumoniae,LEV,Levofloxacin,high,Pakistan,94,0.0,2.0,2.0,1.6511,1.0,2.0,1.0,2.013,6.265,2.0,6.38
Streptococcus pneumoniae,LEV,Levofloxacin,high,Philippines,17,0.0,1.0,1.0,1.0416,1.0,1.0,0.0,3.75,12.062,1.0,0.0
Streptococcus pneumoniae,LEV,Levofloxacin,high,Saudi Arabia,36,0.0,1.0,1.0,1.0,1.0,1.0,0.0,0.0,15.0,1.0,0.0
Streptococcus pneumoniae,LEV,Levofloxacin,high,Singapore,34,0.0,1.0,1.0,0.9031,1.0,1.0,0.0,-1.993,1.972,1.0,0.0
Streptococcus pneumoniae,LEV,Levofloxacin,high,Tunisia,79,0.0,1.0,1.0,1.0,1.0,1.0,0.0,0.0,2.643,1.0,0.0
Streptococcus pneumoniae,LEV,Levofloxacin,high,Turkey,179,0.56,1.0,1.0,1.0037,1.0,1.0,0.0,2.485,35.665,1.0,1.12
Streptococcus pneumoniae,LEV,Levofloxacin,high,Ukraine,78,0.0,1.0,1.0,0.8984,1.0,1.0,0.0,-3.194,14.807,1.0,0.0
Streptococcus pneumoniae,LEV,Levofloxacin,high,Vietnam,161,0.0,1.0,2.0,1.2726,1.0,1.0,0.0,2.337,5.259,1.0,9.94
Streptococcus pneumoniae,MXF,Moxifloxacin,high,Argentina,95,1.05,0.12,0.25,0.1243,0.12,0.12,0.0,0.945,4.699,0.12,0.0
Streptococcus pneumoniae,MXF,Moxifloxacin,high,Cambodia,48,4.17,0.12,0.12,0.1009,0.12,0.12,0.0,-1.995,3.089,0.12,0.0
Streptococcus pneumoniae,MXF,Moxifloxacin,high,Chile,73,1.37,0.12,0.25,0.1343,0.12,0.12,0.0,0.345,2.463,0.12,0.0
Streptococcus pneumoniae,MXF,Moxifloxacin,high,Kenya,44,0.0,0.12,0.25,0.1418,0.12,0.12,0.0,1.302,-0.306,0.12,0.0
Streptococcus pneumoniae,MXF,Moxifloxacin,high,Kuwait,82,0.0,0.12,0.25,0.1517,0.12,0.25,1.059,-0.015,-0.784,0.12,0.0
Streptococcus pneumoniae,MXF,Moxifloxacin,high,Lebanon,21,0.0,0.12,0.25,0.1435,0.12,0.25,1.059,-0.109,-0.666,0.12,0.0
Streptococcus pneumoniae,MXF,Moxifloxacin,high,Morocco,19,0.0,0.12,0.25,0.1566,0.12,0.185,0.624,2.681,7.775,0.12,5.26
Streptococcus pneumoniae,MXF,Moxifloxacin,high,Pakistan,94,0.0,0.12,0.25,0.1717,0.12,0.25,1.059,2.027,7.505,0.12,3.19
Streptococcus pneumoniae,MXF,Moxifloxacin,high,Philippines,17,0.0,0.25,0.25,0.2015,0.12,0.25,1.059,-0.904,-1.183,0.25,0.0
Streptococcus pneumoniae,MXF,Moxifloxacin,high,Saudi Arabia,36,0.0,0.12,0.25,0.1387,0.12,0.1525,0.346,0.309,-0.065,0.12,0.0
Streptococcus pneumoniae,MXF,Moxifloxacin,high,Singapore,34,2.94,0.12,0.25,0.1136,0.12,0.12,0.0,-0.422,0.776,0.12,0.0
Streptococcus pneumoniae,MXF,Moxifloxacin,high,Tunisia,79,0.0,0.12,0.25,0.1249,0.12,0.12,0.0,0.485,2.497,0.12,0.0
Streptococcus pneumoniae,MXF,Moxifloxacin,high,Turkey,179,1.12,0.12,0.25,0.1298,0.12,0.12,0.0,3.155,21.319,0.12,1.12
Streptococcus pneumoniae,MXF,Moxifloxacin,high,Ukraine,78,0.0,0.12,0.25,0.1311,0.12,0.12,0.0,0.213,0.253,0.12,0.0
Streptococcus pneumoniae,MXF,Moxifloxacin,high,Vietnam,161,0.0,0.12,0.25,0.1538,0.12,0.12,0.0,2.754,7.92,0.12,6.83
Streptococcus pneumoniae,CDN,Cefdinir,moderate,Argentina,95,54.74,0.015,0.5,0.0344,0.015,0.06,2.0,1.327,0.508,0.015,1.05
Streptococcus pneumoniae,CDN,Cefdinir,moderate,Cambodia,48,29.17,0.12,1.0,0.1012,0.015,0.5,5.059,0.11,-1.385,0.015,12.5
Streptococcus pneumoniae,CDN,Cefdinir,moderate,Chile,73,21.92,0.12,1.0,0.095,0.03,0.25,3.059,0.218,-1.199,0.015,12.33
Streptococcus pneumoniae,CDN,Cefdinir,moderate,Kenya,44,9.09,0.25,1.0,0.213,0.12,0.5,2.059,-0.362,-0.6,0.12,20.45
Streptococcus pneumoniae,CDN,Cefdinir,moderate,Kuwait,82,25.61,0.12,1.0,0.1193,0.01875,0.5,4.737,-0.166,-1.359,0.015,10.98
Streptococcus pneumoniae,CDN,Cefdinir,moderate,Lebanon,21,66.67,0.015,0.25,0.0333,0.015,0.12,3.0,0.814,-1.191,0.015,0.0
Streptococcus pneumoniae,CDN,Cefdinir,moderate,Morocco,19,78.95,0.015,1.0,0.0251,0.015,0.015,0.0,2.452,4.218,0.015,10.53
Streptococcus pneumoniae,CDN,Cefdinir,moderate,Pakistan,94,13.83,0.12,0.25,0.0979,0.075,0.12,0.678,-0.783,-0.165,0.12,0.0
Streptococcus pneumoniae,CDN,Cefdinir,moderate,Philippines,17,94.12,0.015,0.015,0.0156,0.015,0.015,0.0,3.75,12.062,0.015,0.0
Streptococcus pneumoniae,CDN,Cefdinir,moderate,Saudi Arabia,36,33.33,0.06,1.0,0.0829,0.015,0.25,4.059,0.326,-1.254,0.015,11.11
Streptococcus pneumoniae,CDN,Cefdinir,moderate,Singapore,34,23.53,0.12,2.0,0.1661,0.03,1.0,5.059,-0.092,-1.438,0.015,32.35
Streptococcus pneumoniae,CDN,Cefdinir,moderate,Tunisia,79,10.13,0.5,1.0,0.2775,0.25,0.5,1.0,-1.194,0.337,0.5,20.25
Streptococcus pneumoniae,CDN,Cefdinir,moderate,Turkey,179,21.79,0.25,1.0,0.1744,0.045,1.0,4.474,-0.276,-1.392,1.0,29.61
Streptococcus pneumoniae,CDN,Cefdinir,moderate,Ukraine,78,41.03,0.03,0.5,0.0447,0.015,0.06,2.0,1.18,0.087,0.015,7.69
Streptococcus pneumoniae,CDN,Cefdinir,moderate,Vietnam,161,1.24,1.0,2.0,0.6589,0.25,1.0,2.0,-0.611,1.301,1.0,56.52
Streptococcus pneumoniae,DIN,Cefdinir (alternate code - see note),low,Argentina,95,3.16,0.12,4.0,0.1456,0.06,0.25,2.059,1.477,1.603,0.06,11.58
Streptococcus pneumoniae,DIN,Cefdinir (alternate code - see note),low,Cambodia,48,2.08,0.25,8.0,0.5133,0.105,4.0,5.252,0.148,-1.397,0.12,41.67
Streptococcus pneumoniae,DIN,Cefdinir (alternate code - see note),low,Chile,73,1.37,0.25,8.0,0.3878,0.06,2.0,5.059,0.471,-1.037,0.06,31.51
Streptococcus pneumoniae,DIN,Cefdinir (alternate code - see note),low,Kenya,44,0.0,0.5,8.0,0.808,0.25,4.0,4.0,0.054,-1.122,0.25,50.0
Streptococcus pneumoniae,DIN,Cefdinir (alternate code - see note),low,Kuwait,82,0.0,0.5,8.0,0.6367,0.12,4.0,5.059,0.235,-1.339,0.25,39.02
Streptococcus pneumoniae,DIN,Cefdinir (alternate code - see note),low,Lebanon,21,0.0,0.06,0.5,0.1343,0.06,0.5,3.059,0.701,-1.156,0.06,4.76
Streptococcus pneumoniae,DIN,Cefdinir (alternate code - see note),low,Morocco,19,0.0,0.06,8.0,0.108,0.06,0.12,1.0,2.272,3.747,0.06,10.53
Streptococcus pneumoniae,DIN,Cefdinir (alternate code - see note),low,Pakistan,94,0.0,0.5,1.0,0.3749,0.25,0.5,1.0,-0.244,0.403,0.5,23.4
Streptococcus pneumoniae,DIN,Cefdinir (alternate code - see note),low,Philippines,17,0.0,0.06,0.12,0.0708,0.06,0.06,0.0,2.291,4.157,0.06,0.0
Streptococcus pneumoniae,DIN,Cefdinir (alternate code - see note),low,Saudi Arabia,36,0.0,0.25,8.0,0.4209,0.06,4.0,6.059,0.339,-1.36,0.06,38.89
Streptococcus pneumoniae,DIN,Cefdinir (alternate code - see note),low,Singapore,34,8.82,0.5,16.0,0.8733,0.12,8.0,6.059,-0.071,-1.529,16.0,50.0
Streptococcus pneumoniae,DIN,Cefdinir (alternate code - see note),low,Tunisia,79,0.0,4.0,8.0,2.0778,0.5,8.0,4.0,-1.097,-0.127,8.0,73.42
Streptococcus pneumoniae,DIN,Cefdinir (alternate code - see note),low,Turkey,179,0.56,2.0,16.0,1.21,0.12,8.0,6.059,-0.267,-1.431,8.0,55.87
Streptococcus pneumoniae,DIN,Cefdinir (alternate code - see note),low,Ukraine,78,0.0,0.12,4.0,0.1876,0.06,0.25,2.059,1.39,0.769,0.12,16.67
Streptococcus pneumoniae,DIN,Cefdinir (alternate code - see note),low,Vietnam,161,6.83,8.0,16.0,4.3179,4.0,8.0,1.0,-1.44,2.02,8.0,90.68
Haemophilus influenzae,AMP,Ampicillin,high,Argentina,89,16.85,0.12,8.0,0.3781,0.12,1.0,3.059,1.08,-0.04,0.12,22.47
Haemophilus influenzae,AMP,Ampicillin,high,Cambodia,30,20.0,0.12,4.0,0.3618,0.12,1.75,3.866,1.013,-0.046,0.12,26.67
Haemophilus influenzae,AMP,Ampicillin,high,Chile,77,23.38,0.12,16.0,0.3232,0.12,0.5,2.059,1.439,0.862,0.12,18.18
Haemophilus influenzae,AMP,Ampicillin,high,Costa Rica,52,9.62,0.5,16.0,0.7558,0.12,2.5,4.381,0.763,-0.322,0.12,28.85
Haemophilus influenzae,AMP,Ampicillin,high,Pakistan,122,6.56,0.25,0.5,0.2116,0.12,0.25,1.059,3.142,13.328,0.12,3.28
Haemophilus influenzae,AMP,Ampicillin,high,Philippines,59,32.2,0.12,4.0,0.2162,0.06,0.25,2.059,1.524,1.152,0.12,15.25
Haemophilus influenzae,AMP,Ampicillin,high,Saudi Arabia,55,21.82,0.12,2.0,0.2042,0.12,0.375,1.644,1.208,0.585,0.12,12.73
Haemophilus influenzae,AMP,Ampicillin,high,Singapore,80,7.5,1.0,64.0,1.7429,0.25,32.0,7.0,0.45,-1.122,1.0,38.75
Haemophilus influenzae,AMP,Ampicillin,high,Tunisia,74,14.86,0.25,32.0,0.7153,0.12,4.0,5.059,0.676,-0.927,0.12,35.14
Haemophilus influenzae,AMP,Ampicillin,high,Turkey,239,9.62,0.25,4.0,0.4056,0.12,0.5,2.059,1.903,3.424,0.12,12.97
Haemophilus influenzae,AMP,Ampicillin,high,Ukraine,99,40.4,0.12,1.0,0.176,0.06,0.5,3.059,1.485,1.635,0.06,9.09
Haemophilus influenzae,AMP,Ampicillin,high,Vietnam,89,22.47,64.0,128.0,23.7696,8.0,128.0,4.0,-1.154,0.335,128.0,88.76
Haemophilus influenzae,AMC,Amoxicillin/Clavulanic acid,moderate,Argentina,89,11.24,0.5,2.0,0.4707,0.25,1.0,2.0,-0.751,0.019,0.5,0.0
Haemophilus influenzae,AMC,Amoxicillin/Clavulanic acid,moderate,Cambodia,30,0.0,0.5,1.0,0.6447,0.5,0.5,0.0,1.904,3.132,0.5,0.0
Haemophilus influenzae,AMC,Amoxicillin/Clavulanic acid,moderate,Chile,77,6.49,0.5,1.0,0.5345,0.5,1.0,1.0,-0.847,0.442,1.0,0.0
Haemophilus influenzae,AMC,Amoxicillin/Clavulanic acid,moderate,Costa Rica,52,5.77,1.0,2.0,0.7848,0.5,2.0,2.0,-0.591,0.689,0.5,0.0
Haemophilus influenzae,AMC,Amoxicillin/Clavulanic acid,moderate,Pakistan,122,1.64,0.5,1.0,0.4636,0.3125,0.5,0.678,-0.062,2.476,0.5,0.0
Haemophilus influenzae,AMC,Amoxicillin/Clavulanic acid,moderate,Philippines,59,16.95,0.25,1.0,0.2988,0.25,0.5,1.0,-0.129,-0.16,0.5,0.0
Haemophilus influenzae,AMC,Amoxicillin/Clavulanic acid,moderate,Saudi Arabia,55,7.27,0.5,2.0,0.5302,0.5,1.0,1.0,-0.015,0.44,0.5,0.0
Haemophilus influenzae,AMC,Amoxicillin/Clavulanic acid,moderate,Singapore,80,1.25,1.0,4.0,1.2514,0.5,2.0,2.0,-0.255,-0.137,2.0,6.25
Haemophilus influenzae,AMC,Amoxicillin/Clavulanic acid,moderate,Tunisia,74,6.76,0.5,2.0,0.624,0.5,1.0,1.0,-0.538,0.873,1.0,0.0
Haemophilus influenzae,AMC,Amoxicillin/Clavulanic acid,moderate,Turkey,239,6.69,0.5,2.0,0.4957,0.25,1.0,2.0,0.103,-0.104,0.5,0.84
Haemophilus influenzae,AMC,Amoxicillin/Clavulanic acid,moderate,Ukraine,99,17.17,0.5,2.0,0.3725,0.25,0.5,1.0,0.071,0.139,0.5,1.01
Haemophilus influenzae,AMC,Amoxicillin/Clavulanic acid,moderate,Vietnam,89,5.62,1.0,4.0,1.0949,0.5,2.0,2.0,-0.619,0.087,1.0,4.49
Haemophilus influenzae,AXO,Ceftriaxone,high,Argentina,89,87.64,0.015,0.03,0.017,0.015,0.015,0.0,6.772,52.579,0.015,0.0
Haemophilus influenzae,AXO,Ceftriaxone,high,Cambodia,30,90.0,0.015,0.015,0.0176,0.015,0.015,0.0,2.897,6.929,0.015,0.0
Haemophilus influenzae,AXO,Ceftriaxone,high,Chile,77,97.4,0.015,0.015,0.0155,0.015,0.015,0.0,5.96,33.527,0.015,0.0
Haemophilus influenzae,AXO,Ceftriaxone,high,Costa Rica,52,98.08,0.015,0.015,0.0152,0.015,0.015,0.0,7.001,47.02,0.015,0.0
Haemophilus influenzae,AXO,Ceftriaxone,high,Pakistan,122,90.16,0.015,0.015,0.0167,0.015,0.015,0.0,4.733,24.331,0.015,0.0
Haemophilus influenzae,AXO,Ceftriaxone,high,Philippines,59,98.31,0.015,0.015,0.0152,0.015,0.015,0.0,7.484,54.017,0.015,0.0
Haemophilus influenzae,AXO,Ceftriaxone,high,Saudi Arabia,55,89.09,0.015,0.03,0.0179,0.015,0.015,0.0,4.453,19.034,0.015,0.0
Haemophilus influenzae,AXO,Ceftriaxone,high,Singapore,80,85.0,0.015,0.03,0.019,0.015,0.015,0.0,2.661,5.885,0.015,0.0
Haemophilus influenzae,AXO,Ceftriaxone,high,Tunisia,74,90.54,0.015,0.015,0.0186,0.015,0.015,0.0,4.365,18.738,0.015,0.0
Haemophilus influenzae,AXO,Ceftriaxone,high,Turkey,239,90.79,0.015,0.015,0.0169,0.015,0.015,0.0,4.774,25.24,0.015,0.0
Haemophilus influenzae,AXO,Ceftriaxone,high,Ukraine,99,90.91,0.015,0.015,0.0161,0.015,0.015,0.0,3.432,11.95,0.015,0.0
Haemophilus influenzae,AXO,Ceftriaxone,high,Vietnam,89,5.62,0.12,0.25,0.1359,0.12,0.25,1.059,-0.176,0.901,0.12,0.0
Haemophilus influenzae,CXM,Cefuroxime,moderate,Argentina,89,3.37,0.5,1.0,0.4761,0.25,1.0,2.0,-0.767,1.883,0.5,0.0
Haemophilus influenzae,CXM,Cefuroxime,moderate,Cambodia,30,0.0,0.5,2.0,0.6147,0.3125,1.0,1.678,0.874,0.947,0.5,3.33
Haemophilus influenzae,CXM,Cefuroxime,moderate,Chile,77,1.3,0.5,1.0,0.5083,0.5,1.0,1.0,-1.467,3.163,0.5,0.0
Haemophilus influenzae,CXM,Cefuroxime,moderate,Costa Rica,52,0.0,0.5,2.0,0.7552,0.5,1.0,1.0,-0.761,2.747,0.5,0.0
Haemophilus influenzae,CXM,Cefuroxime,moderate,Pakistan,122,0.82,0.5,1.0,0.6166,0.5,1.0,1.0,-0.172,3.137,0.5,0.82
Haemophilus influenzae,CXM,Cefuroxime,moderate,Philippines,59,3.39,0.5,1.0,0.3972,0.25,0.75,1.585,-0.565,0.269,0.5,0.0
Haemophilus influenzae,CXM,Cefuroxime,moderate,Saudi Arabia,55,3.64,0.5,2.0,0.5584,0.375,1.0,1.415,-0.043,1.473,0.5,3.64
Haemophilus influenzae,CXM,Cefuroxime,moderate,Singapore,80,0.0,2.0,4.0,1.402,1.0,2.0,1.0,0.598,1.63,2.0,5.0
Haemophilus influenzae,CXM,Cefuroxime,moderate,Tunisia,74,0.0,0.5,1.0,0.5745,0.5,1.0,1.0,-0.777,1.434,0.5,0.0
Haemophilus influenzae,CXM,Cefuroxime,moderate,Turkey,239,0.42,0.5,2.0,0.6809,0.5,1.0,1.0,0.086,0.84,0.5,1.26
Haemophilus influenzae,CXM,Cefuroxime,moderate,Ukraine,99,4.04,0.5,1.0,0.398,0.25,0.5,1.0,-0.249,1.535,0.5,1.01
Haemophilus influenzae,CXM,Cefuroxime,moderate,Vietnam,89,12.36,4.0,32.0,4.6358,2.0,16.0,3.0,-0.21,-0.47,2.0,48.31
Haemophilus influenzae,FIX,Cefixime,high,Argentina,89,33.71,0.03,0.12,0.0312,0.015,0.03,1.0,2.151,6.328,0.03,1.12
Haemophilus influenzae,FIX,Cefixime,high,Cambodia,30,16.67,0.03,0.12,0.0397,0.03,0.03,0.0,1.932,3.344,0.03,0.0
Haemophilus influenzae,FIX,Cefixime,high,Chile,77,40.26,0.03,0.06,0.0265,0.015,0.03,1.0,1.751,4.883,0.03,0.0
Haemophilus influenzae,FIX,Cefixime,high,Costa Rica,52,21.15,0.03,0.03,0.0284,0.03,0.03,0.0,0.93,2.441,0.03,0.0
Haemophilus influenzae,FIX,Cefixime,high,Pakistan,122,25.41,0.03,0.06,0.03,0.01875,0.03,0.678,3.397,21.851,0.03,0.82
Haemophilus influenzae,FIX,Cefixime,high,Philippines,59,57.63,0.015,0.03,0.0221,0.015,0.03,1.0,1.959,4.864,0.015,0.0
Haemophilus influenzae,FIX,Cefixime,high,Saudi Arabia,55,23.64,0.03,0.06,0.0354,0.03,0.06,1.0,2.555,8.52,0.03,1.82
Haemophilus influenzae,FIX,Cefixime,high,Singapore,80,7.5,0.06,0.5,0.0707,0.03,0.075,1.322,1.168,0.232,0.03,2.5
Haemophilus influenzae,FIX,Cefixime,high,Tunisia,74,29.73,0.03,0.25,0.0439,0.015,0.06,2.0,1.439,2.174,0.03,1.35
Haemophilus influenzae,FIX,Cefixime,high,Turkey,239,28.45,0.03,0.12,0.0331,0.015,0.03,1.0,2.094,5.286,0.03,0.42
Haemophilus influenzae,FIX,Cefixime,high,Ukraine,99,29.29,0.03,0.06,0.0278,0.015,0.03,1.0,1.326,3.883,0.03,0.0
Haemophilus influenzae,FIX,Cefixime,high,Vietnam,89,1.12,1.0,4.0,0.7949,0.5,2.0,2.0,-0.892,1.871,0.5,29.21
Haemophilus influenzae,POD,Cefpodoxime,moderate,Argentina,89,16.85,0.06,0.12,0.0511,0.03,0.06,1.0,0.24,-0.326,0.06,0.0
Haemophilus influenzae,POD,Cefpodoxime,moderate,Cambodia,30,6.67,0.06,0.25,0.0798,0.06,0.12,1.0,0.934,0.624,0.06,0.0
Haemophilus influenzae,POD,Cefpodoxime,moderate,Chile,77,19.48,0.06,0.12,0.052,0.03,0.12,2.0,0.176,0.988,0.06,0.0
Haemophilus influenzae,POD,Cefpodoxime,moderate,Costa Rica,52,0.0,0.06,0.12,0.0678,0.03,0.12,2.0,0.004,-1.13,0.12,0.0
Haemophilus influenzae,POD,Cefpodoxime,moderate,Pakistan,122,1.64,0.06,0.12,0.0605,0.06,0.06,0.0,1.331,3.396,0.06,0.0
Haemophilus influenzae,POD,Cefpodoxime,moderate,Philippines,59,20.34,0.06,0.12,0.0448,0.03,0.06,1.0,0.163,-0.813,0.06,0.0
Haemophilus influenzae,POD,Cefpodoxime,moderate,Saudi Arabia,55,10.91,0.06,0.25,0.0669,0.03,0.12,2.0,0.505,0.111,0.06,0.0
Haemophilus influenzae,POD,Cefpodoxime,moderate,Singapore,80,3.75,0.12,0.5,0.1366,0.06,0.25,2.059,0.567,0.05,0.06,0.0
Haemophilus influenzae,POD,Cefpodoxime,moderate,Tunisia,74,5.41,0.06,0.12,0.0761,0.06,0.12,1.0,0.733,1.058,0.06,0.0
Haemophilus influenzae,POD,Cefpodoxime,moderate,Turkey,239,17.99,0.12,0.5,0.0964,0.06,0.25,2.059,0.943,1.665,0.06,2.51
Haemophilus influenzae,POD,Cefpodoxime,moderate,Ukraine,99,14.14,0.06,0.12,0.047,0.03,0.06,1.0,0.263,-0.642,0.03,0.0
Haemophilus influenzae,POD,Cefpodoxime,moderate,Vietnam,89,44.94,2.0,8.0,0.3924,0.015,4.0,8.059,-0.198,-1.732,0.015,35.96
Haemophilus influenzae,AZM,Azithromycin,high,Argentina,89,2.25,0.5,1.0,0.41,0.25,0.5,1.0,-1.114,2.083,0.5,0.0
Haemophilus influenzae,AZM,Azithromycin,high,Cambodia,30,0.0,1.0,1.0,0.6752,0.5,1.0,1.0,-0.764,-0.532,1.0,0.0
Haemophilus influenzae,AZM,Azithromycin,high,Chile,77,7.79,0.5,16.0,0.8406,0.5,1.0,1.0,1.624,2.195,0.5,10.39
Haemophilus influenzae,AZM,Azithromycin,high,Costa Rica,52,0.0,0.5,1.0,0.5119,0.5,1.0,1.0,-0.752,-0.13,0.5,0.0
Haemophilus influenzae,AZM,Azithromycin,high,Pakistan,122,0.0,1.0,1.0,0.8285,0.5,1.0,1.0,0.859,13.062,1.0,1.64
Haemophilus influenzae,AZM,Azithromycin,high,Philippines,59,0.0,0.5,0.5,0.3715,0.25,0.5,1.0,-0.311,-0.203,0.5,0.0
Haemophilus influenzae,AZM,Azithromycin,high,Saudi Arabia,55,0.0,0.5,1.0,0.5722,0.5,1.0,1.0,-0.447,2.636,0.5,1.82
Haemophilus influenzae,AZM,Azithromycin,high,Singapore,80,1.25,0.5,1.0,0.6357,0.5,1.0,1.0,1.323,8.862,0.5,2.5
Haemophilus influenzae,AZM,Azithromycin,high,Tunisia,74,0.0,0.5,1.0,0.5283,0.5,1.0,1.0,-0.344,0.082,0.5,0.0
Haemophilus influenzae,AZM,Azithromycin,high,Turkey,239,0.42,0.5,1.0,0.4894,0.25,1.0,2.0,-0.589,0.365,0.5,0.0
Haemophilus influenzae,AZM,Azithromycin,high,Ukraine,99,0.0,0.5,1.0,0.455,0.25,0.5,1.0,-0.49,0.186,0.5,0.0
Haemophilus influenzae,AZM,Azithromycin,high,Vietnam,89,7.87,0.5,16.0,0.6909,0.25,1.0,2.0,1.24,0.652,0.25,12.36
Haemophilus influenzae,CLA,Clarithromycin,moderate,Argentina,89,2.25,4.0,8.0,2.6631,2.0,4.0,1.0,-2.291,7.303,4.0,2.25
Haemophilus influenzae,CLA,Clarithromycin,moderate,Cambodia,30,0.0,4.0,8.0,4.2871,4.0,8.0,1.0,-0.14,-0.96,4.0,0.0
Haemophilus influenzae,CLA,Clarithromycin,moderate,Chile,77,3.9,4.0,16.0,4.1842,2.0,4.0,1.0,1.321,1.408,4.0,10.39
Haemophilus influenzae,CLA,Clarithromycin,moderate,Costa Rica,52,0.0,4.0,8.0,4.2757,4.0,8.0,1.0,-0.346,0.042,4.0,3.85
Haemophilus influenzae,CLA,Clarithromycin,moderate,Pakistan,122,1.64,8.0,8.0,6.2284,4.0,8.0,1.0,-2.973,17.89,8.0,6.56
Haemophilus influenzae,CLA,Clarithromycin,moderate,Philippines,59,0.0,2.0,4.0,2.2759,2.0,4.0,1.0,0.17,-0.341,2.0,0.0
Haemophilus influenzae,CLA,Clarithromycin,moderate,Saudi Arabia,55,0.0,4.0,8.0,4.1021,3.0,8.0,1.415,0.284,0.702,4.0,5.45
Haemophilus influenzae,CLA,Clarithromycin,moderate,Singapore,80,3.75,4.0,8.0,4.7958,4.0,8.0,1.0,-2.904,16.415,4.0,3.75
Haemophilus influenzae,CLA,Clarithromycin,moderate,Tunisia,74,0.0,4.0,4.0,3.223,2.0,4.0,1.0,-2.647,12.834,4.0,0.0
Haemophilus influenzae,CLA,Clarithromycin,moderate,Turkey,239,2.51,4.0,8.0,3.693,3.0,8.0,1.415,-2.161,5.876,8.0,3.77
Haemophilus influenzae,CLA,Clarithromycin,moderate,Ukraine,99,0.0,4.0,8.0,3.1514,2.0,4.0,1.0,-1.542,5.978,4.0,0.0
Haemophilus influenzae,CLA,Clarithromycin,moderate,Vietnam,89,29.21,4.0,16.0,1.4068,0.25,8.0,5.0,-0.731,-0.793,4.0,10.11
Haemophilus influenzae,SXT,Trimethoprim/Sulfamethoxazole,moderate,Argentina,89,4.49,0.12,8.0,0.3012,0.06,4.0,6.059,0.618,-1.094,0.12,31.46
Haemophilus influenzae,SXT,Trimethoprim/Sulfamethoxazole,moderate,Cambodia,30,6.67,2.0,16.0,1.1043,0.12,8.0,6.059,-0.191,-1.705,16.0,56.67
Haemophilus influenzae,SXT,Trimethoprim/Sulfamethoxazole,moderate,Chile,77,3.9,0.12,8.0,0.2648,0.12,0.25,1.059,0.971,-0.22,0.12,22.08
Haemophilus influenzae,SXT,Trimethoprim/Sulfamethoxazole,moderate,Costa Rica,52,1.92,0.25,8.0,0.5311,0.06,8.0,7.059,0.164,-1.603,8.0,46.15
Haemophilus influenzae,SXT,Trimethoprim/Sulfamethoxazole,moderate,Pakistan,122,4.1,2.0,16.0,1.0206,0.075,8.0,6.737,-0.328,-1.543,16.0,59.02
Haemophilus influenzae,SXT,Trimethoprim/Sulfamethoxazole,moderate,Philippines,59,1.69,4.0,16.0,1.0561,0.12,8.0,6.059,-0.319,-1.593,8.0,57.63
Haemophilus influenzae,SXT,Trimethoprim/Sulfamethoxazole,moderate,Saudi Arabia,55,7.27,0.25,16.0,0.5705,0.09,8.0,6.474,0.101,-1.537,0.12,47.27
Haemophilus influenzae,SXT,Trimethoprim/Sulfamethoxazole,moderate,Singapore,80,10.0,0.12,16.0,0.3338,0.03,8.0,8.059,0.376,-1.614,0.03,38.75
Haemophilus influenzae,SXT,Trimethoprim/Sulfamethoxazole,moderate,Tunisia,74,2.7,0.5,16.0,0.8646,0.12,8.0,6.059,-0.035,-1.528,8.0,48.65
Haemophilus influenzae,SXT,Trimethoprim/Sulfamethoxazole,moderate,Turkey,239,5.86,0.25,16.0,0.3765,0.06,2.0,5.059,0.634,-1.005,0.06,32.64
Haemophilus influenzae,SXT,Trimethoprim/Sulfamethoxazole,moderate,Ukraine,99,0.0,0.25,8.0,0.4442,0.06,4.0,6.059,0.41,-1.426,0.12,38.38
Haemophilus influenzae,SXT,Trimethoprim/Sulfamethoxazole,moderate,Vietnam,89,26.97,16.0,16.0,9.2546,16.0,16.0,0.0,-2.82,6.726,16.0,92.13
Haemophilus influenzae,LEV,Levofloxacin,high,Argentina,89,2.25,0.015,0.03,0.0208,0.015,0.03,1.0,2.127,10.94,0.015,0.0
Haemophilus influenzae,LEV,Levofloxacin,high,Cambodia,30,6.67,0.015,0.06,0.0245,0.015,0.03,1.0,3.459,14.29,0.015,3.33
Haemophilus influenzae,LEV,Levofloxacin,high,Chile,77,0.0,0.03,0.03,0.024,0.015,0.03,1.0,-0.612,0.278,0.03,0.0
Haemophilus influenzae,LEV,Levofloxacin,high,Costa Rica,52,0.0,0.015,0.03,0.0207,0.015,0.03,1.0,-0.391,-1.0,0.03,0.0
Haemophilus influenzae,LEV,Levofloxacin,high,Pakistan,122,17.21,0.5,8.0,0.3284,0.03,1.0,5.059,-0.143,-1.214,0.5,22.95
Haemophilus influenzae,LEV,Levofloxacin,high,Philippines,59,0.0,0.03,0.03,0.0203,0.015,0.03,1.0,-0.396,-0.614,0.03,0.0
Haemophilus influenzae,LEV,Levofloxacin,high,Saudi Arabia,55,1.82,0.03,0.06,0.0309,0.015,0.03,1.0,3.084,11.448,0.03,1.82
Haemophilus influenzae,LEV,Levofloxacin,high,Singapore,80,2.5,0.015,0.03,0.0187,0.015,0.015,0.0,4.178,19.285,0.015,1.25
Haemophilus influenzae,LEV,Levofloxacin,high,Tunisia,74,6.76,0.03,0.03,0.0314,0.015,0.03,1.0,2.745,7.919,0.03,4.05
Haemophilus influenzae,LEV,Levofloxacin,high,Turkey,239,5.44,0.015,0.06,0.0235,0.015,0.0225,0.585,3.034,8.846,0.015,4.6
Haemophilus influenzae,LEV,Levofloxacin,high,Ukraine,99,2.02,0.015,0.03,0.0194,0.015,0.03,1.0,-0.547,1.0,0.015,0.0
Haemophilus influenzae,LEV,Levofloxacin,high,Vietnam,89,17.98,1.0,8.0,0.4666,0.015,8.0,9.059,-0.254,-1.628,8.0,40.45
Haemophilus influenzae,MXF,Moxifloxacin,low,Argentina,89,3.37,0.015,0.03,0.0204,0.015,0.03,1.0,1.845,11.457,0.015,0.0
Haemophilus influenzae,MXF,Moxifloxacin,low,Cambodia,30,3.33,0.015,0.03,0.0233,0.015,0.03,1.0,4.235,18.602,0.015,3.33
Haemophilus influenzae,MXF,Moxifloxacin,low,Chile,77,0.0,0.03,0.03,0.0228,0.015,0.03,1.0,-0.277,-0.19,0.03,0.0
Haemophilus influenzae,MXF,Moxifloxacin,low,Costa Rica,52,0.0,0.015,0.03,0.021,0.015,0.03,1.0,-0.11,-0.576,0.03,0.0
Haemophilus influenzae,MXF,Moxifloxacin,low,Pakistan,122,11.48,0.5,8.0,0.3156,0.03,1.0,5.059,-0.126,-1.181,0.5,22.95
Haemophilus influenzae,MXF,Moxifloxacin,low,Philippines,59,1.69,0.015,0.03,0.0186,0.015,0.03,1.0,0.045,0.757,0.015,0.0
Haemophilus influenzae,MXF,Moxifloxacin,low,Saudi Arabia,55,1.82,0.03,0.06,0.0295,0.015,0.03,1.0,2.409,7.831,0.015,1.82
Haemophilus influenzae,MXF,Moxifloxacin,low,Singapore,80,1.25,0.015,0.03,0.0232,0.015,0.03,1.0,3.393,13.402,0.015,1.25
Haemophilus influenzae,MXF,Moxifloxacin,low,Tunisia,74,4.05,0.03,0.06,0.0299,0.015,0.03,1.0,3.077,9.845,0.03,4.05
Haemophilus influenzae,MXF,Moxifloxacin,low,Turkey,239,5.02,0.015,0.06,0.0251,0.015,0.03,1.0,2.875,8.471,0.015,4.6
Haemophilus influenzae,MXF,Moxifloxacin,low,Ukraine,99,3.03,0.015,0.03,0.0189,0.015,0.03,1.0,-0.649,1.19,0.015,0.0
Haemophilus influenzae,MXF,Moxifloxacin,low,Vietnam,89,5.62,0.5,8.0,0.449,0.015,8.0,9.059,-0.238,-1.586,8.0,42.7
Haemophilus influenzae,CDN,Cefdinir,moderate,Argentina,89,95.51,0.03,0.03,0.0314,0.03,0.03,0.0,5.088,25.431,0.03,0.0
Haemophilus influenzae,CDN,Cefdinir,moderate,Cambodia,30,86.67,0.03,0.06,0.0353,0.03,0.03,0.0,4.145,17.312,0.03,0.0
Haemophilus influenzae,CDN,Cefdinir,moderate,Chile,77,98.7,0.03,0.03,0.0305,0.03,0.03,0.0,8.603,72.013,0.03,0.0
Haemophilus influenzae,CDN,Cefdinir,moderate,Costa Rica,52,96.15,0.03,0.03,0.0308,0.03,0.03,0.0,4.8,21.04,0.03,0.0
Haemophilus influenzae,CDN,Cefdinir,moderate,Pakistan,122,90.16,0.03,0.03,0.0338,0.03,0.03,0.0,4.135,18.556,0.03,0.0
Haemophilus influenzae,CDN,Cefdinir,moderate,Philippines,59,94.92,0.03,0.03,0.0314,0.03,0.03,0.0,4.939,24.775,0.03,0.0
Haemophilus influenzae,CDN,Cefdinir,moderate,Saudi Arabia,55,85.45,0.03,0.06,0.0363,0.03,0.03,0.0,5.688,34.758,0.03,1.82
Haemophilus influenzae,CDN,Cefdinir,moderate,Singapore,80,86.25,0.03,0.06,0.0384,0.03,0.03,0.0,2.701,5.886,0.03,0.0
Haemophilus influenzae,CDN,Cefdinir,moderate,Tunisia,74,89.19,0.03,0.06,0.0343,0.03,0.03,0.0,3.75,13.464,0.03,0.0
Haemophilus influenzae,CDN,Cefdinir,moderate,Turkey,239,88.7,0.03,0.06,0.0353,0.03,0.03,0.0,4.28,19.574,0.03,0.42
Haemophilus influenzae,CDN,Cefdinir,moderate,Ukraine,99,89.9,0.03,0.06,0.0329,0.03,0.03,0.0,5.694,39.634,0.03,0.0
Haemophilus influenzae,CDN,Cefdinir,moderate,Vietnam,89,7.87,0.12,0.25,0.111,0.06,0.12,1.0,0.479,0.518,0.12,0.0
Haemophilus influenzae,DIN,Cefdinir (alternate code - see note),low,Argentina,89,3.37,0.25,0.5,0.2123,0.12,0.25,1.059,-0.014,1.017,0.25,1.12
Haemophilus influenzae,DIN,Cefdinir (alternate code - see note),low,Cambodia,30,0.0,0.25,1.0,0.3065,0.25,0.4375,0.807,0.773,0.134,0.25,0.0
Haemophilus influenzae,DIN,Cefdinir (alternate code - see note),low,Chile,77,1.3,0.25,0.5,0.2282,0.25,0.25,0.0,-0.613,1.636,0.25,0.0
Haemophilus influenzae,DIN,Cefdinir (alternate code - see note),low,Costa Rica,52,0.0,0.25,0.5,0.3077,0.25,0.5,1.0,0.555,0.885,0.25,1.92
Haemophilus influenzae,DIN,Cefdinir (alternate code - see note),low,Pakistan,122,0.82,0.25,0.5,0.2384,0.25,0.25,0.0,-0.643,2.755,0.25,0.0
Haemophilus influenzae,DIN,Cefdinir (alternate code - see note),low,Philippines,59,5.08,0.12,0.25,0.1642,0.12,0.25,1.059,-0.398,1.039,0.25,0.0
Haemophilus influenzae,DIN,Cefdinir (alternate code - see note),low,Saudi Arabia,55,1.82,0.25,1.0,0.2923,0.25,0.5,1.0,0.359,1.582,0.25,3.64
Haemophilus influenzae,DIN,Cefdinir (alternate code - see note),low,Singapore,80,0.0,0.5,1.0,0.5077,0.25,1.0,2.0,0.597,0.486,0.25,7.5
Haemophilus influenzae,DIN,Cefdinir (alternate code - see note),low,Tunisia,74,0.0,0.25,0.5,0.2852,0.25,0.5,1.0,0.462,0.114,0.25,1.35
Haemophilus influenzae,DIN,Cefdinir (alternate code - see note),low,Turkey,239,0.84,0.25,0.5,0.2819,0.25,0.5,1.0,0.279,1.263,0.25,2.51
Haemophilus influenzae,DIN,Cefdinir (alternate code - see note),low,Ukraine,99,0.0,0.25,0.5,0.2386,0.12,0.25,1.059,0.149,-0.103,0.25,0.0
Haemophilus influenzae,DIN,Cefdinir (alternate code - see note),low,Vietnam,89,0.0,1.0,8.0,1.4727,1.0,4.0,2.0,0.033,0.009,1.0,43.82
Escherichia coli,AMP,Ampicillin,high,Argentina,106,56.6,128.0,128.0,30.369,4.0,128.0,5.0,-0.566,-1.534,128.0,61.32
Escherichia coli,AMC,Amoxicillin/Clavulanic acid,moderate,Argentina,106,0.94,16.0,32.0,13.0642,4.0,32.0,3.0,-0.166,-0.856,32.0,60.38
Escherichia coli,AXO,Ceftriaxone,high,Argentina,106,5.66,0.03,0.06,0.0463,0.03,0.06,1.0,2.792,7.744,0.03,5.66
Escherichia coli,FIX,Cefixime,moderate,Argentina,106,4.72,0.25,1.0,0.4199,0.25,0.5,1.0,2.261,5.902,0.25,7.55
Escherichia coli,SXT,Trimethoprim/Sulfamethoxazole,high,Argentina,106,40.57,0.25,16.0,0.78,0.06,16.0,8.059,0.136,-1.837,16.0,42.45
Escherichia coli,LEV,Levofloxacin,high,Argentina,106,27.36,0.25,4.0,0.2388,0.03,4.0,7.059,0.244,-1.624,0.03,28.3
Klebsiella pneumoniae,AMC,Amoxicillin/Clavulanic acid,moderate,Argentina,73,4.11,4.0,64.0,9.2246,4.0,16.0,2.0,1.082,-0.142,4.0,28.77
Klebsiella pneumoniae,AXO,Ceftriaxone,high,Argentina,73,19.18,0.06,2.0,0.1022,0.03,0.12,2.0,1.062,-0.362,0.03,19.18
Klebsiella pneumoniae,FIX,Cefixime,moderate,Argentina,73,32.88,0.12,32.0,0.2084,0.06,0.25,2.059,1.477,0.635,0.06,16.44
Klebsiella pneumoniae,SXT,Trimethoprim/Sulfamethoxazole,high,Argentina,73,27.4,0.25,16.0,0.692,0.12,16.0,7.059,0.637,-1.3,0.12,28.77
Klebsiella pneumoniae,LEV,Levofloxacin,high,Argentina,73,12.33,0.06,4.0,0.1766,0.06,0.5,3.059,0.842,-0.571,0.06,12.33
Klebsiella pneumoniae,PEN,Penicillin,n/a,Argentina,73,79.45,4.0,4.0,3.4362,4.0,4.0,0.0,-3.526,10.773,4.0,
