Organism,Antibiotic,Antibiotic (name),Breakpoint confidence,Country A,N_A,%R_A,MIC50_A,MIC90_A,GeoMean_A,Modal_A,Skew_A,Country B,N_B,%R_B,MIC50_B,MIC90_B,GeoMean_B,Modal_B,Skew_B,%R difference (pp),GeoMean gap (log2 steps),Modal MIC differs?,Min N
Haemophilus influenzae,AXO,Ceftriaxone,high,Philippines,59,0.0,0.015,0.015,0.0152,0.015,7.484,Vietnam,89,0.0,0.12,0.25,0.1359,0.12,-0.176,0.0,3.16,True,59
Haemophilus influenzae,AXO,Ceftriaxone,high,Costa Rica,52,0.0,0.015,0.015,0.0152,0.015,7.001,Vietnam,89,0.0,0.12,0.25,0.1359,0.12,-0.176,0.0,3.16,True,52
Haemophilus influenzae,AXO,Ceftriaxone,high,Chile,77,0.0,0.015,0.015,0.0155,0.015,5.96,Vietnam,89,0.0,0.12,0.25,0.1359,0.12,-0.176,0.0,3.132,True,77
Streptococcus pneumoniae,AXO,Ceftriaxone,high,Argentina,95,1.05,0.03,0.5,0.0471,0.015,1.109,Tunisia,79,8.86,1.0,1.0,0.4116,1.0,-1.229,7.81,3.127,True,79
Haemophilus influenzae,AXO,Ceftriaxone,high,Ukraine,99,0.0,0.015,0.015,0.0161,0.015,3.432,Vietnam,89,0.0,0.12,0.25,0.1359,0.12,-0.176,0.0,3.077,True,89
Haemophilus influenzae,AXO,Ceftriaxone,high,Pakistan,122,0.0,0.015,0.015,0.0167,0.015,4.733,Vietnam,89,0.0,0.12,0.25,0.1359,0.12,-0.176,0.0,3.025,True,89
Haemophilus influenzae,AXO,Ceftriaxone,high,Turkey,239,0.0,0.015,0.015,0.0169,0.015,4.774,Vietnam,89,0.0,0.12,0.25,0.1359,0.12,-0.176,0.0,3.007,True,89
Haemophilus influenzae,AXO,Ceftriaxone,high,Argentina,89,0.0,0.015,0.03,0.017,0.015,6.772,Vietnam,89,0.0,0.12,0.25,0.1359,0.12,-0.176,0.0,2.999,True,89
Haemophilus influenzae,AXO,Ceftriaxone,high,Cambodia,30,0.0,0.015,0.015,0.0176,0.015,2.897,Vietnam,89,0.0,0.12,0.25,0.1359,0.12,-0.176,0.0,2.949,True,30
Haemophilus influenzae,AXO,Ceftriaxone,high,Saudi Arabia,55,0.0,0.015,0.03,0.0179,0.015,4.453,Vietnam,89,0.0,0.12,0.25,0.1359,0.12,-0.176,0.0,2.925,True,55
Streptococcus pneumoniae,AXO,Ceftriaxone,high,Tunisia,79,8.86,1.0,1.0,0.4116,1.0,-1.229,Ukraine,78,1.28,0.03,0.5,0.0544,0.03,1.099,7.58,2.92,True,78
Haemophilus influenzae,AXO,Ceftriaxone,high,Tunisia,74,0.0,0.015,0.015,0.0186,0.015,4.365,Vietnam,89,0.0,0.12,0.25,0.1359,0.12,-0.176,0.0,2.869,True,74
Haemophilus influenzae,AXO,Ceftriaxone,high,Singapore,80,0.0,0.015,0.03,0.019,0.015,2.661,Vietnam,89,0.0,0.12,0.25,0.1359,0.12,-0.176,0.0,2.838,True,80
Streptococcus pneumoniae,AMX,Amoxicillin,moderate,Argentina,95,7.37,0.03,2.0,0.0602,0.015,1.519,Kenya,44,9.09,0.5,2.0,0.3592,1.0,-0.126,1.72,2.577,True,44
Streptococcus pneumoniae,AMC,Amoxicillin/Clavulanic acid,high,Argentina,95,7.37,0.03,2.0,0.058,0.015,1.552,Kenya,44,9.09,0.5,2.0,0.3268,1.0,-0.084,1.72,2.494,True,44
Streptococcus pneumoniae,AXO,Ceftriaxone,high,Argentina,95,1.05,0.03,0.5,0.0471,0.015,1.109,Kenya,44,4.55,0.25,1.0,0.2495,1.0,-0.514,3.5,2.405,True,44
Streptococcus pneumoniae,AXO,Ceftriaxone,high,Kenya,44,4.55,0.25,1.0,0.2495,1.0,-0.514,Ukraine,78,1.28,0.03,0.5,0.0544,0.03,1.099,3.27,2.197,True,44
Streptococcus pneumoniae,AMX,Amoxicillin,moderate,Argentina,95,7.37,0.03,2.0,0.0602,0.015,1.519,Cambodia,48,10.42,0.5,4.0,0.2719,0.015,-0.143,3.05,2.175,False,48
Streptococcus pneumoniae,AMX,Amoxicillin,moderate,Argentina,95,7.37,0.03,2.0,0.0602,0.015,1.519,Kuwait,82,13.41,0.25,4.0,0.2702,0.015,-0.034,6.04,2.166,False,82
Streptococcus pneumoniae,AMC,Amoxicillin/Clavulanic acid,high,Argentina,95,7.37,0.03,2.0,0.058,0.015,1.552,Kuwait,82,12.2,0.25,4.0,0.2587,0.015,-0.015,4.83,2.157,False,82
Haemophilus influenzae,CLA,Clarithromycin,moderate,Pakistan,122,6.56,8.0,8.0,6.2284,8.0,-2.973,Vietnam,89,10.11,4.0,16.0,1.4068,4.0,-0.731,3.55,2.146,True,89
Streptococcus pneumoniae,AMC,Amoxicillin/Clavulanic acid,high,Argentina,95,7.37,0.03,2.0,0.058,0.015,1.552,Cambodia,48,10.42,0.25,4.0,0.2567,0.015,-0.093,3.05,2.146,False,48
Haemophilus influenzae,AMC,Amoxicillin/Clavulanic acid,moderate,Philippines,59,0.0,0.25,1.0,0.2988,0.5,-0.129,Singapore,80,6.25,1.0,4.0,1.2514,2.0,-0.255,6.25,2.066,True,59
Streptococcus pneumoniae,AXO,Ceftriaxone,high,Saudi Arabia,36,5.56,0.12,1.0,0.1086,0.015,0.256,Tunisia,79,8.86,1.0,1.0,0.4116,1.0,-1.229,3.3,1.922,True,36
Streptococcus pneumoniae,AXO,Ceftriaxone,high,Chile,73,1.37,0.12,1.0,0.1109,0.015,0.135,Tunisia,79,8.86,1.0,1.0,0.4116,1.0,-1.229,7.49,1.892,True,73
Haemophilus influenzae,AMC,Amoxicillin/Clavulanic acid,moderate,Philippines,59,0.0,0.25,1.0,0.2988,0.5,-0.129,Vietnam,89,4.49,1.0,4.0,1.0949,1.0,-0.619,4.49,1.874,True,59
Haemophilus influenzae,CDN,Cefdinir,moderate,Chile,77,0.0,0.03,0.03,0.0305,0.03,8.603,Vietnam,89,0.0,0.12,0.25,0.111,0.12,0.479,0.0,1.864,True,77
Haemophilus influenzae,CDN,Cefdinir,moderate,Costa Rica,52,0.0,0.03,0.03,0.0308,0.03,4.8,Vietnam,89,0.0,0.12,0.25,0.111,0.12,0.479,0.0,1.85,True,52
Haemophilus influenzae,CDN,Cefdinir,moderate,Argentina,89,0.0,0.03,0.03,0.0314,0.03,5.088,Vietnam,89,0.0,0.12,0.25,0.111,0.12,0.479,0.0,1.822,True,89
Haemophilus influenzae,CDN,Cefdinir,moderate,Philippines,59,0.0,0.03,0.03,0.0314,0.03,4.939,Vietnam,89,0.0,0.12,0.25,0.111,0.12,0.479,0.0,1.822,True,59
Haemophilus influenzae,CXM,Cefuroxime,moderate,Philippines,59,0.0,0.5,1.0,0.3972,0.5,-0.565,Singapore,80,5.0,2.0,4.0,1.402,2.0,0.598,5.0,1.82,True,59
Haemophilus influenzae,CXM,Cefuroxime,moderate,Singapore,80,5.0,2.0,4.0,1.402,2.0,0.598,Ukraine,99,1.01,0.5,1.0,0.398,0.5,-0.249,3.99,1.817,True,80
Haemophilus influenzae,CLA,Clarithromycin,moderate,Singapore,80,3.75,4.0,8.0,4.7958,4.0,-2.904,Vietnam,89,10.11,4.0,16.0,1.4068,4.0,-0.731,6.36,1.769,False,80
Haemophilus influenzae,CDN,Cefdinir,moderate,Ukraine,99,0.0,0.03,0.06,0.0329,0.03,5.694,Vietnam,89,0.0,0.12,0.25,0.111,0.12,0.479,0.0,1.754,True,89
Haemophilus influenzae,AMC,Amoxicillin/Clavulanic acid,moderate,Singapore,80,6.25,1.0,4.0,1.2514,2.0,-0.255,Ukraine,99,1.01,0.5,2.0,0.3725,0.5,0.071,5.24,1.748,True,80
Haemophilus influenzae,CDN,Cefdinir,moderate,Pakistan,122,0.0,0.03,0.03,0.0338,0.03,4.135,Vietnam,89,0.0,0.12,0.25,0.111,0.12,0.479,0.0,1.715,True,89
Streptococcus pneumoniae,AXO,Ceftriaxone,high,Argentina,95,1.05,0.03,0.5,0.0471,0.015,1.109,Kuwait,82,4.88,0.12,1.0,0.1526,0.015,-0.208,3.83,1.696,False,82
Haemophilus influenzae,CDN,Cefdinir,moderate,Tunisia,74,0.0,0.03,0.06,0.0343,0.03,3.75,Vietnam,89,0.0,0.12,0.25,0.111,0.12,0.479,0.0,1.694,True,74
Haemophilus influenzae,FIX,Cefixime,high,Philippines,59,0.0,0.015,0.03,0.0221,0.015,1.959,Singapore,80,2.5,0.06,0.5,0.0707,0.03,1.168,2.5,1.678,True,59
Haemophilus influenzae,CDN,Cefdinir,moderate,Turkey,239,0.42,0.03,0.06,0.0353,0.03,4.28,Vietnam,89,0.0,0.12,0.25,0.111,0.12,0.479,0.42,1.653,True,89
Haemophilus influenzae,CDN,Cefdinir,moderate,Cambodia,30,0.0,0.03,0.06,0.0353,0.03,4.145,Vietnam,89,0.0,0.12,0.25,0.111,0.12,0.479,0.0,1.653,True,30
Streptococcus pneumoniae,AXO,Ceftriaxone,high,Argentina,95,1.05,0.03,0.5,0.0471,0.015,1.109,Cambodia,48,4.17,0.12,1.0,0.1478,0.015,-0.159,3.12,1.65,False,48
Haemophilus influenzae,DIN,Cefdinir (alternate code - see note),low,Philippines,59,0.0,0.12,0.25,0.1642,0.25,-0.398,Singapore,80,7.5,0.5,1.0,0.5077,0.25,0.597,7.5,1.629,False,59
Haemophilus influenzae,CDN,Cefdinir,moderate,Saudi Arabia,55,1.82,0.03,0.06,0.0363,0.03,5.688,Vietnam,89,0.0,0.12,0.25,0.111,0.12,0.479,1.82,1.613,True,55
Haemophilus influenzae,POD,Cefpodoxime,moderate,Philippines,59,0.0,0.06,0.12,0.0448,0.06,0.163,Singapore,80,0.0,0.12,0.5,0.1366,0.06,0.567,0.0,1.608,False,59
Haemophilus influenzae,CLA,Clarithromycin,moderate,Costa Rica,52,3.85,4.0,8.0,4.2757,4.0,-0.346,Vietnam,89,10.11,4.0,16.0,1.4068,4.0,-0.731,6.26,1.604,False,52
Haemophilus influenzae,CLA,Clarithromycin,moderate,Chile,77,10.39,4.0,16.0,4.1842,4.0,1.321,Vietnam,89,10.11,4.0,16.0,1.4068,4.0,-0.731,0.28,1.573,False,77
Streptococcus pneumoniae,AMC,Amoxicillin/Clavulanic acid,high,Argentina,95,7.37,0.03,2.0,0.058,0.015,1.552,Chile,73,15.07,0.12,8.0,0.1718,0.015,0.58,7.7,1.567,False,73
Haemophilus influenzae,CXM,Cefuroxime,moderate,Argentina,89,0.0,0.5,1.0,0.4761,0.5,-0.767,Singapore,80,5.0,2.0,4.0,1.402,2.0,0.598,5.0,1.558,True,80
Haemophilus influenzae,AMC,Amoxicillin/Clavulanic acid,moderate,Ukraine,99,1.01,0.5,2.0,0.3725,0.5,0.071,Vietnam,89,4.49,1.0,4.0,1.0949,1.0,-0.619,3.48,1.555,True,89
Streptococcus pneumoniae,CDN,Cefdinir,moderate,Chile,73,12.33,0.12,1.0,0.095,0.015,0.218,Tunisia,79,20.25,0.5,1.0,0.2775,0.5,-1.194,7.92,1.546,True,73
Haemophilus influenzae,CLA,Clarithromycin,moderate,Saudi Arabia,55,5.45,4.0,8.0,4.1021,4.0,0.284,Vietnam,89,10.11,4.0,16.0,1.4068,4.0,-0.731,4.66,1.544,False,55
Haemophilus influenzae,POD,Cefpodoxime,moderate,Singapore,80,0.0,0.12,0.5,0.1366,0.06,0.567,Ukraine,99,0.0,0.06,0.12,0.047,0.03,0.263,0.0,1.539,True,80
Haemophilus influenzae,CDN,Cefdinir,moderate,Singapore,80,0.0,0.03,0.06,0.0384,0.03,2.701,Vietnam,89,0.0,0.12,0.25,0.111,0.12,0.479,0.0,1.531,True,80
Streptococcus pneumoniae,CDN,Cefdinir,moderate,Argentina,95,1.05,0.015,0.5,0.0344,0.015,1.327,Pakistan,94,0.0,0.12,0.25,0.0979,0.12,-0.783,1.05,1.509,True,94
Streptococcus pneumoniae,AXO,Ceftriaxone,high,Kuwait,82,4.88,0.12,1.0,0.1526,0.015,-0.208,Ukraine,78,1.28,0.03,0.5,0.0544,0.03,1.099,3.6,1.488,True,78
Streptococcus pneumoniae,AMX,Amoxicillin,moderate,Argentina,95,7.37,0.03,2.0,0.0602,0.015,1.519,Chile,73,15.07,0.12,8.0,0.1686,0.015,0.531,7.7,1.486,False,73
Streptococcus pneumoniae,AXO,Ceftriaxone,high,Cambodia,48,4.17,0.12,1.0,0.1478,0.015,-0.159,Tunisia,79,8.86,1.0,1.0,0.4116,1.0,-1.229,4.69,1.478,True,48
Haemophilus influenzae,CXM,Cefuroxime,moderate,Chile,77,0.0,0.5,1.0,0.5083,0.5,-1.467,Singapore,80,5.0,2.0,4.0,1.402,2.0,0.598,5.0,1.464,True,77
Streptococcus pneumoniae,AMC,Amoxicillin/Clavulanic acid,high,Singapore,34,23.53,0.25,8.0,0.363,0.015,-0.013,Tunisia,79,27.85,2.0,8.0,1.001,2.0,-1.105,4.32,1.463,True,34
Streptococcus pneumoniae,CDN,Cefdinir,moderate,Cambodia,48,12.5,0.12,1.0,0.1012,0.015,0.11,Tunisia,79,20.25,0.5,1.0,0.2775,0.5,-1.194,7.75,1.455,True,48
Haemophilus influenzae,CLA,Clarithromycin,moderate,Pakistan,122,6.56,8.0,8.0,6.2284,8.0,-2.973,Philippines,59,0.0,2.0,4.0,2.2759,2.0,0.17,6.56,1.452,True,59
Streptococcus pneumoniae,AXO,Ceftriaxone,high,Cambodia,48,4.17,0.12,1.0,0.1478,0.015,-0.159,Ukraine,78,1.28,0.03,0.5,0.0544,0.03,1.099,2.89,1.442,True,48
Streptococcus pneumoniae,AMC,Amoxicillin/Clavulanic acid,high,Argentina,95,7.37,0.03,2.0,0.058,0.015,1.552,Saudi Arabia,36,11.11,0.12,4.0,0.1568,0.015,0.435,3.74,1.435,False,36
Streptococcus pneumoniae,AMX,Amoxicillin,moderate,Singapore,34,23.53,0.25,8.0,0.3481,0.015,-0.013,Tunisia,79,30.38,2.0,8.0,0.9404,2.0,-1.079,6.85,1.434,True,34
Haemophilus influenzae,AMC,Amoxicillin/Clavulanic acid,moderate,Pakistan,122,0.0,0.5,1.0,0.4636,0.5,-0.062,Singapore,80,6.25,1.0,4.0,1.2514,2.0,-0.255,6.25,1.433,True,80
Streptococcus pneumoniae,AXO,Ceftriaxone,high,Kuwait,82,4.88,0.12,1.0,0.1526,0.015,-0.208,Tunisia,79,8.86,1.0,1.0,0.4116,1.0,-1.229,3.98,1.431,True,79
Haemophilus influenzae,POD,Cefpodoxime,moderate,Argentina,89,0.0,0.06,0.12,0.0511,0.06,0.24,Singapore,80,0.0,0.12,0.5,0.1366,0.06,0.567,0.0,1.419,False,80
Streptococcus pneumoniae,CDN,Cefdinir,moderate,Kuwait,82,10.98,0.12,1.0,0.1193,0.015,-0.166,Ukraine,78,7.69,0.03,0.5,0.0447,0.015,1.18,3.29,1.416,False,78
Haemophilus influenzae,FIX,Cefixime,high,Chile,77,0.0,0.03,0.06,0.0265,0.03,1.751,Singapore,80,2.5,0.06,0.5,0.0707,0.03,1.168,2.5,1.416,False,77
Haemophilus influenzae,AMC,Amoxicillin/Clavulanic acid,moderate,Argentina,89,0.0,0.5,2.0,0.4707,0.5,-0.751,Singapore,80,6.25,1.0,4.0,1.2514,2.0,-0.255,6.25,1.411,True,80
Streptococcus pneumoniae,AMX,Amoxicillin,moderate,Argentina,95,7.37,0.03,2.0,0.0602,0.015,1.519,Saudi Arabia,36,11.11,0.12,4.0,0.1598,0.015,0.442,3.74,1.408,False,36
Streptococcus pneumoniae,AMX,Amoxicillin,moderate,Pakistan,94,1.06,0.25,0.25,0.1484,0.25,-0.65,Ukraine,78,0.0,0.03,2.0,0.0563,0.03,1.322,1.06,1.398,True,78
Streptococcus pneumoniae,AMC,Amoxicillin/Clavulanic acid,high,Pakistan,94,1.06,0.25,0.25,0.144,0.25,-0.754,Ukraine,78,0.0,0.03,2.0,0.0548,0.03,1.35,1.06,1.394,True,78
Haemophilus influenzae,POD,Cefpodoxime,moderate,Chile,77,0.0,0.06,0.12,0.052,0.06,0.176,Singapore,80,0.0,0.12,0.5,0.1366,0.06,0.567,0.0,1.393,False,77
Haemophilus influenzae,AMC,Amoxicillin/Clavulanic acid,moderate,Costa Rica,52,0.0,1.0,2.0,0.7848,0.5,-0.591,Philippines,59,0.0,0.25,1.0,0.2988,0.5,-0.129,0.0,1.393,False,52
Haemophilus influenzae,CLA,Clarithromycin,moderate,Turkey,239,3.77,4.0,8.0,3.693,8.0,-2.161,Vietnam,89,10.11,4.0,16.0,1.4068,4.0,-0.731,6.34,1.392,True,89
Streptococcus pneumoniae,PEN,Penicillin,high,Kenya,44,79.55,0.5,2.0,0.5117,0.5,-0.378,Pakistan,94,76.6,0.25,0.5,0.196,0.25,0.064,2.95,1.384,True,44
Streptococcus pneumoniae,AMX,Amoxicillin,moderate,Chile,73,15.07,0.12,8.0,0.1686,0.015,0.531,Turkey,179,21.23,1.0,8.0,0.4372,2.0,-0.235,6.16,1.375,True,73
Haemophilus influenzae,FIX,Cefixime,high,Singapore,80,2.5,0.06,0.5,0.0707,0.03,1.168,Ukraine,99,0.0,0.03,0.06,0.0278,0.03,1.326,2.5,1.347,False,80
Haemophilus influenzae,AMC,Amoxicillin/Clavulanic acid,moderate,Singapore,80,6.25,1.0,4.0,1.2514,2.0,-0.255,Turkey,239,0.84,0.5,2.0,0.4957,0.5,0.103,5.41,1.336,True,80
Haemophilus influenzae,CXM,Cefuroxime,moderate,Saudi Arabia,55,3.64,0.5,2.0,0.5584,0.5,-0.043,Singapore,80,5.0,2.0,4.0,1.402,2.0,0.598,1.36,1.328,True,55
Streptococcus pneumoniae,AMC,Amoxicillin/Clavulanic acid,high,Chile,73,15.07,0.12,8.0,0.1718,0.015,0.58,Turkey,179,21.23,1.0,8.0,0.4305,2.0,-0.232,6.16,1.325,True,73
Haemophilus influenzae,FIX,Cefixime,high,Costa Rica,52,0.0,0.03,0.03,0.0284,0.03,0.93,Singapore,80,2.5,0.06,0.5,0.0707,0.03,1.168,2.5,1.316,False,52
Streptococcus pneumoniae,AMC,Amoxicillin/Clavulanic acid,high,Argentina,95,7.37,0.03,2.0,0.058,0.015,1.552,Pakistan,94,1.06,0.25,0.25,0.144,0.25,-0.754,6.31,1.312,True,94
Streptococcus pneumoniae,AMX,Amoxicillin,moderate,Argentina,95,7.37,0.03,2.0,0.0602,0.015,1.519,Pakistan,94,1.06,0.25,0.25,0.1484,0.25,-0.65,6.31,1.302,True,94
Haemophilus influenzae,CXM,Cefuroxime,moderate,Singapore,80,5.0,2.0,4.0,1.402,2.0,0.598,Tunisia,74,0.0,0.5,1.0,0.5745,0.5,-0.777,5.0,1.287,True,74
Haemophilus influenzae,AMP,Ampicillin,high,Singapore,80,38.75,1.0,64.0,1.7429,1.0,0.45,Tunisia,74,35.14,0.25,32.0,0.7153,0.12,0.676,3.61,1.285,True,74
Streptococcus pneumoniae,AXO,Ceftriaxone,high,Argentina,95,1.05,0.03,0.5,0.0471,0.015,1.109,Pakistan,94,0.0,0.12,0.25,0.1135,0.25,-0.704,1.05,1.269,True,94
Streptococcus pneumoniae,PEN,Penicillin,high,Pakistan,94,76.6,0.25,0.5,0.196,0.25,0.064,Turkey,179,72.07,0.5,4.0,0.4715,2.0,-0.345,4.53,1.266,True,94
Haemophilus influenzae,DIN,Cefdinir (alternate code - see note),low,Argentina,89,1.12,0.25,0.5,0.2123,0.25,-0.014,Singapore,80,7.5,0.5,1.0,0.5077,0.25,0.597,6.38,1.258,False,80
Haemophilus influenzae,AMC,Amoxicillin/Clavulanic acid,moderate,Pakistan,122,0.0,0.5,1.0,0.4636,0.5,-0.062,Vietnam,89,4.49,1.0,4.0,1.0949,1.0,-0.619,4.49,1.24,True,89
Haemophilus influenzae,AMC,Amoxicillin/Clavulanic acid,moderate,Saudi Arabia,55,0.0,0.5,2.0,0.5302,0.5,-0.015,Singapore,80,6.25,1.0,4.0,1.2514,2.0,-0.255,6.25,1.239,True,55
Haemophilus influenzae,FIX,Cefixime,high,Pakistan,122,0.82,0.03,0.06,0.03,0.03,3.397,Singapore,80,2.5,0.06,0.5,0.0707,0.03,1.168,1.68,1.237,False,80
Streptococcus pneumoniae,AXO,Ceftriaxone,high,Argentina,95,1.05,0.03,0.5,0.0471,0.015,1.109,Chile,73,1.37,0.12,1.0,0.1109,0.015,0.135,0.32,1.235,False,73
Haemophilus influenzae,AMC,Amoxicillin/Clavulanic acid,moderate,Chile,77,0.0,0.5,1.0,0.5345,1.0,-0.847,Singapore,80,6.25,1.0,4.0,1.2514,2.0,-0.255,6.25,1.227,True,77
Haemophilus influenzae,CLA,Clarithromycin,moderate,Argentina,89,2.25,4.0,8.0,2.6631,4.0,-2.291,Pakistan,122,6.56,8.0,8.0,6.2284,8.0,-2.973,4.31,1.226,True,89
Haemophilus influenzae,AMC,Amoxicillin/Clavulanic acid,moderate,Argentina,89,0.0,0.5,2.0,0.4707,0.5,-0.751,Vietnam,89,4.49,1.0,4.0,1.0949,1.0,-0.619,4.49,1.218,True,89
Streptococcus pneumoniae,AMC,Amoxicillin/Clavulanic acid,high,Tunisia,79,27.85,2.0,8.0,1.001,2.0,-1.105,Turkey,179,21.23,1.0,8.0,0.4305,2.0,-0.232,6.62,1.217,False,79
Streptococcus pneumoniae,AXO,Ceftriaxone,high,Argentina,95,1.05,0.03,0.5,0.0471,0.015,1.109,Saudi Arabia,36,5.56,0.12,1.0,0.1086,0.015,0.256,4.51,1.205,False,36
Haemophilus influenzae,AMP,Ampicillin,high,Turkey,239,12.97,0.25,4.0,0.4056,0.12,1.903,Ukraine,99,9.09,0.12,1.0,0.176,0.06,1.485,3.88,1.204,True,99
Streptococcus pneumoniae,AXO,Ceftriaxone,high,Kenya,44,4.55,0.25,1.0,0.2495,1.0,-0.514,Saudi Arabia,36,5.56,0.12,1.0,0.1086,0.015,0.256,1.01,1.2,True,36
Haemophilus influenzae,CXM,Cefuroxime,moderate,Cambodia,30,3.33,0.5,2.0,0.6147,0.5,0.874,Singapore,80,5.0,2.0,4.0,1.402,2.0,0.598,1.67,1.19,True,30
Haemophilus influenzae,CXM,Cefuroxime,moderate,Pakistan,122,0.82,0.5,1.0,0.6166,0.5,-0.172,Singapore,80,5.0,2.0,4.0,1.402,2.0,0.598,4.18,1.185,True,80
Haemophilus influenzae,FIX,Cefixime,high,Argentina,89,1.12,0.03,0.12,0.0312,0.03,2.151,Singapore,80,2.5,0.06,0.5,0.0707,0.03,1.168,1.38,1.18,False,80
Streptococcus pneumoniae,CDN,Cefdinir,moderate,Cambodia,48,12.5,0.12,1.0,0.1012,0.015,0.11,Ukraine,78,7.69,0.03,0.5,0.0447,0.015,1.18,4.81,1.179,False,48
Haemophilus influenzae,POD,Cefpodoxime,moderate,Pakistan,122,0.0,0.06,0.12,0.0605,0.06,1.331,Singapore,80,0.0,0.12,0.5,0.1366,0.06,0.567,0.0,1.175,False,80
Streptococcus pneumoniae,AXO,Ceftriaxone,high,Chile,73,1.37,0.12,1.0,0.1109,0.015,0.135,Kenya,44,4.55,0.25,1.0,0.2495,1.0,-0.514,3.18,1.17,True,44
Streptococcus pneumoniae,AMX,Amoxicillin,moderate,Kenya,44,9.09,0.5,2.0,0.3592,1.0,-0.126,Saudi Arabia,36,11.11,0.12,4.0,0.1598,0.015,0.442,2.02,1.169,True,36
Streptococcus pneumoniae,SXT,Trimethoprim/Sulfamethoxazole,moderate,Kenya,44,93.18,8.0,16.0,6.3163,4.0,-1.673,Pakistan,94,89.36,4.0,8.0,2.8211,4.0,-2.095,3.82,1.163,False,44
Haemophilus influenzae,AZM,Azithromycin,high,Pakistan,122,1.64,1.0,1.0,0.8285,1.0,0.859,Philippines,59,0.0,0.5,0.5,0.3715,0.5,-0.311,1.64,1.157,True,59
Haemophilus influenzae,DIN,Cefdinir (alternate code - see note),low,Chile,77,0.0,0.25,0.5,0.2282,0.25,-0.613,Singapore,80,7.5,0.5,1.0,0.5077,0.25,0.597,7.5,1.154,False,77
Haemophilus influenzae,AMC,Amoxicillin/Clavulanic acid,moderate,Turkey,239,0.84,0.5,2.0,0.4957,0.5,0.103,Vietnam,89,4.49,1.0,4.0,1.0949,1.0,-0.619,3.65,1.143,True,89
Streptococcus pneumoniae,AXO,Ceftriaxone,high,Kenya,44,4.55,0.25,1.0,0.2495,1.0,-0.514,Pakistan,94,0.0,0.12,0.25,0.1135,0.25,-0.704,4.55,1.136,True,44
Streptococcus pneumoniae,CDN,Cefdinir,moderate,Pakistan,94,0.0,0.12,0.25,0.0979,0.12,-0.783,Ukraine,78,7.69,0.03,0.5,0.0447,0.015,1.18,7.69,1.131,True,78
Haemophilus influenzae,AMC,Amoxicillin/Clavulanic acid,moderate,Cambodia,30,0.0,0.5,1.0,0.6447,0.5,1.904,Philippines,59,0.0,0.25,1.0,0.2988,0.5,-0.129,0.0,1.109,False,30
Haemophilus influenzae,POD,Cefpodoxime,moderate,Philippines,59,0.0,0.06,0.12,0.0448,0.06,0.163,Turkey,239,2.51,0.12,0.5,0.0964,0.06,0.943,2.51,1.106,False,59
Haemophilus influenzae,FIX,Cefixime,high,Singapore,80,2.5,0.06,0.5,0.0707,0.03,1.168,Turkey,239,0.42,0.03,0.12,0.0331,0.03,2.094,2.08,1.095,False,80
Haemophilus influenzae,DIN,Cefdinir (alternate code - see note),low,Pakistan,122,0.0,0.25,0.5,0.2384,0.25,-0.643,Singapore,80,7.5,0.5,1.0,0.5077,0.25,0.597,7.5,1.091,False,80
Streptococcus pneumoniae,AMX,Amoxicillin,moderate,Chile,73,15.07,0.12,8.0,0.1686,0.015,0.531,Kenya,44,9.09,0.5,2.0,0.3592,1.0,-0.126,5.98,1.091,True,44
Haemophilus influenzae,DIN,Cefdinir (alternate code - see note),low,Singapore,80,7.5,0.5,1.0,0.5077,0.25,0.597,Ukraine,99,0.0,0.25,0.5,0.2386,0.25,0.149,7.5,1.089,False,80
Streptococcus pneumoniae,CDN,Cefdinir,moderate,Chile,73,12.33,0.12,1.0,0.095,0.015,0.218,Ukraine,78,7.69,0.03,0.5,0.0447,0.015,1.18,4.64,1.088,False,73
Haemophilus influenzae,AMC,Amoxicillin/Clavulanic acid,moderate,Costa Rica,52,0.0,1.0,2.0,0.7848,0.5,-0.591,Ukraine,99,1.01,0.5,2.0,0.3725,0.5,0.071,1.01,1.075,False,52
Haemophilus influenzae,CLA,Clarithromycin,moderate,Philippines,59,0.0,2.0,4.0,2.2759,2.0,0.17,Singapore,80,3.75,4.0,8.0,4.7958,4.0,-2.904,3.75,1.075,True,59
Streptococcus pneumoniae,CDN,Cefdinir,moderate,Cambodia,48,12.5,0.12,1.0,0.1012,0.015,0.11,Kenya,44,20.45,0.25,1.0,0.213,0.12,-0.362,7.95,1.074,True,44
Haemophilus influenzae,AMP,Ampicillin,high,Cambodia,30,26.67,0.12,4.0,0.3618,0.12,1.013,Costa Rica,52,28.85,0.5,16.0,0.7558,0.12,0.763,2.18,1.063,False,30
Haemophilus influenzae,AMC,Amoxicillin/Clavulanic acid,moderate,Philippines,59,0.0,0.25,1.0,0.2988,0.5,-0.129,Tunisia,74,0.0,0.5,2.0,0.624,1.0,-0.538,0.0,1.062,True,59
Streptococcus pneumoniae,PEN,Penicillin,high,Pakistan,94,76.6,0.25,0.5,0.196,0.25,0.064,Singapore,34,70.59,0.25,4.0,0.4092,0.06,0.121,6.01,1.062,True,34
Streptococcus pneumoniae,AXO,Ceftriaxone,high,Pakistan,94,0.0,0.12,0.25,0.1135,0.25,-0.704,Ukraine,78,1.28,0.03,0.5,0.0544,0.03,1.099,1.28,1.061,True,78
Streptococcus pneumoniae,AMC,Amoxicillin/Clavulanic acid,high,Kenya,44,9.09,0.5,2.0,0.3268,1.0,-0.084,Saudi Arabia,36,11.11,0.12,4.0,0.1568,0.015,0.435,2.02,1.059,True,36
Haemophilus influenzae,AMC,Amoxicillin/Clavulanic acid,moderate,Saudi Arabia,55,0.0,0.5,2.0,0.5302,0.5,-0.015,Vietnam,89,4.49,1.0,4.0,1.0949,1.0,-0.619,4.49,1.046,True,55
Haemophilus influenzae,CXM,Cefuroxime,moderate,Singapore,80,5.0,2.0,4.0,1.402,2.0,0.598,Turkey,239,1.26,0.5,2.0,0.6809,0.5,0.086,3.74,1.042,True,80
Haemophilus influenzae,POD,Cefpodoxime,moderate,Turkey,239,2.51,0.12,0.5,0.0964,0.06,0.943,Ukraine,99,0.0,0.06,0.12,0.047,0.03,0.263,2.51,1.036,True,99
Haemophilus influenzae,AMC,Amoxicillin/Clavulanic acid,moderate,Chile,77,0.0,0.5,1.0,0.5345,1.0,-0.847,Vietnam,89,4.49,1.0,4.0,1.0949,1.0,-0.619,4.49,1.035,False,77
Haemophilus influenzae,POD,Cefpodoxime,moderate,Saudi Arabia,55,0.0,0.06,0.25,0.0669,0.06,0.505,Singapore,80,0.0,0.12,0.5,0.1366,0.06,0.567,0.0,1.03,False,55
Streptococcus pneumoniae,AXO,Ceftriaxone,high,Chile,73,1.37,0.12,1.0,0.1109,0.015,0.135,Ukraine,78,1.28,0.03,0.5,0.0544,0.03,1.099,0.09,1.028,True,73
Haemophilus influenzae,AZM,Azithromycin,high,Argentina,89,0.0,0.5,1.0,0.41,0.5,-1.114,Pakistan,122,1.64,1.0,1.0,0.8285,1.0,0.859,1.64,1.015,True,89
Streptococcus pneumoniae,LEV,Levofloxacin,high,Cambodia,48,0.0,1.0,1.0,0.817,1.0,-0.401,Pakistan,94,6.38,2.0,2.0,1.6511,2.0,2.013,6.38,1.015,True,48
Haemophilus influenzae,POD,Cefpodoxime,moderate,Costa Rica,52,0.0,0.06,0.12,0.0678,0.12,0.004,Singapore,80,0.0,0.12,0.5,0.1366,0.06,0.567,0.0,1.011,True,52
Haemophilus influenzae,AMC,Amoxicillin/Clavulanic acid,moderate,Singapore,80,6.25,1.0,4.0,1.2514,2.0,-0.255,Tunisia,74,0.0,0.5,2.0,0.624,1.0,-0.538,6.25,1.004,True,74
